PassengerId,Survived,Pclass,Sex,Age,SibSp,Parch,Fare,Embarked,ind,cell_number,Cabin_letter,Title,FamilySize,Is Alone,Special Agent/route,TicketBatch,SharedTicket
1,0.0,3,male,22.0,1,0,7.25,S,train,23-25-27,C,Mr,1,0,A/5,0,0
2,1.0,1,female,38.0,1,0,71.2833,C,train,85,C,Mrs,1,0,PC,0,0
3,1.0,3,female,26.0,0,0,7.925,S,train,23-25-27,C,Miss,0,1,STON/O2,0,0
4,1.0,1,female,35.0,1,0,53.1,S,train,123,C,Mrs,1,0,Non-special,0,0
5,0.0,3,male,35.0,0,0,8.05,S,train,23-25-27,C,Mr,0,1,Non-special,0,0
6,0.0,3,male,29.881137667304014,0,0,8.4583,Q,train,23-25-27,C,Mr,0,1,Non-special,0,0
7,0.0,1,male,54.0,0,0,51.8625,S,train,46,E,Mr,0,1,Non-special,0,0
8,0.0,3,male,2.0,3,1,21.075,S,train,23-25-27,C,Master,4,0,Non-special,0,0
9,1.0,3,female,27.0,0,2,11.1333,S,train,23-25-27,C,Mrs,2,0,Non-special,0,0
10,1.0,2,female,14.0,1,0,30.0708,C,train,23-25-27,C,Mrs,1,0,Non-special,0,0
11,1.0,3,female,4.0,1,1,16.7,S,train,6,G,Miss,2,0,PP,1,0
12,1.0,1,female,58.0,0,0,26.55,S,train,103,C,Miss,0,1,Non-special,0,0
13,0.0,3,male,20.0,0,0,8.05,S,train,23-25-27,C,Mr,0,1,A/5,1,0
14,0.0,3,male,39.0,1,5,31.275,S,train,23-25-27,C,Mr,6,0,Non-special,0,0
15,0.0,3,female,14.0,0,0,7.8542,S,train,23-25-27,C,Miss,0,1,Non-special,0,0
16,1.0,2,female,55.0,0,0,16.0,S,train,23-25-27,C,Mrs,0,1,Non-special,0,0
17,0.0,3,male,2.0,4,1,29.125,Q,train,23-25-27,C,Master,5,0,Non-special,0,0
18,1.0,2,male,29.881137667304014,0,0,13.0,S,train,23-25-27,C,Mr,0,1,Non-special,0,0
19,0.0,3,female,31.0,1,0,18.0,S,train,23-25-27,C,Mrs,1,0,Non-special,0,0
20,1.0,3,female,29.881137667304014,0,0,7.225,C,train,23-25-27,C,Mrs,0,1,Non-special,1,0
21,0.0,2,male,35.0,0,0,26.0,S,train,23-25-27,C,Mr,0,1,Non-special,0,0
22,1.0,2,male,34.0,0,0,13.0,S,train,56,D,Mr,0,1,Non-special,0,0
23,1.0,3,female,15.0,0,0,8.0292,Q,train,23-25-27,C,Miss,0,1,Non-special,0,0
24,1.0,1,male,28.0,0,0,35.5,S,train,6,A,Mr,0,1,Non-special,0,0
25,0.0,3,female,8.0,3,1,21.075,S,train,23-25-27,C,Miss,4,0,Non-special,0,1
26,1.0,3,female,38.0,1,5,31.3875,S,train,23-25-27,C,Mrs,6,0,Non-special,0,0
27,0.0,3,male,29.881137667304014,0,0,7.225,C,train,23-25-27,C,Mr,0,1,Non-special,1,0
28,0.0,1,male,19.0,3,2,263.0,S,train,23-25-27,C,Mr,5,0,Non-special,0,0
29,1.0,3,female,29.881137667304014,0,0,7.8792,Q,train,23-25-27,C,Miss,0,1,Non-special,0,0
30,0.0,3,male,29.881137667304014,0,0,7.8958,S,train,23-25-27,C,Mr,0,1,Non-special,0,0
31,0.0,1,male,40.0,0,0,27.7208,C,train,23-25-27,C,Don,0,1,PC,0,0
32,1.0,1,female,29.881137667304014,1,0,146.5208,C,train,78,B,Mrs,1,0,PC,0,0
33,1.0,3,female,29.881137667304014,0,0,7.75,Q,train,23-25-27,C,Miss,0,1,Non-special,0,0
34,0.0,2,male,66.0,0,0,10.5,S,train,23-25-27,C,Mr,0,1,CA,0,0
35,0.0,1,male,28.0,1,0,82.1708,C,train,23-25-27,C,Mr,1,0,PC,0,0
36,0.0,1,male,42.0,1,0,52.0,S,train,23-25-27,C,Mr,1,0,Non-special,0,0
37,1.0,3,male,29.881137667304014,0,0,7.2292,C,train,23-25-27,C,Mr,0,1,Non-special,1,0
38,0.0,3,male,21.0,0,0,8.05,S,train,23-25-27,C,Mr,0,1,A/5,1,0
39,0.0,3,female,18.0,2,0,18.0,S,train,23-25-27,C,Miss,2,0,Non-special,0,0
40,1.0,3,female,14.0,1,0,11.2417,C,train,23-25-27,C,Miss,1,0,Non-special,1,0
41,0.0,3,female,40.0,1,0,9.475,S,train,23-25-27,C,Mrs,1,0,Non-special,1,0
42,0.0,2,female,27.0,1,0,21.0,S,train,23-25-27,C,Mrs,1,0,Non-special,0,0
43,0.0,3,male,29.881137667304014,0,0,7.8958,C,train,23-25-27,C,Mr,0,1,Non-special,0,0
44,1.0,2,female,3.0,1,2,41.5792,C,train,23-25-27,C,Miss,3,0,SC/Paris,1,0
45,1.0,3,female,19.0,0,0,7.8792,Q,train,23-25-27,C,Miss,0,1,Non-special,0,0
46,0.0,3,male,29.881137667304014,0,0,8.05,S,train,23-25-27,C,Mr,0,1,SC/A4,0,0
47,0.0,3,male,29.881137667304014,1,0,15.5,Q,train,23-25-27,C,Mr,1,0,Non-special,0,0
48,1.0,3,female,29.881137667304014,0,0,7.75,Q,train,23-25-27,C,Miss,0,1,Non-special,0,0
49,0.0,3,male,29.881137667304014,2,0,21.6792,C,train,23-25-27,C,Mr,2,0,Non-special,1,0
50,0.0,3,female,18.0,1,0,17.8,S,train,23-25-27,C,Mrs,1,0,Non-special,0,0
51,0.0,3,male,7.0,4,1,39.6875,S,train,23-25-27,C,Master,5,0,Non-special,0,0
52,0.0,3,male,21.0,0,0,7.8,S,train,23-25-27,C,Mr,0,1,A/4,0,0
53,1.0,1,female,49.0,1,0,76.7292,C,train,33,D,Mrs,1,0,PC,0,0
54,1.0,2,female,29.0,1,0,26.0,S,train,23-25-27,C,Mrs,1,0,Non-special,1,0
55,0.0,1,male,65.0,0,1,61.9792,C,train,30,B,Mr,1,0,Non-special,0,0
56,1.0,1,male,29.881137667304014,0,0,35.5,S,train,52,C,Mr,0,1,Non-special,0,0
57,1.0,2,female,21.0,0,0,10.5,S,train,23-25-27,C,Miss,0,1,CA,0,0
58,0.0,3,male,28.5,0,0,7.2292,C,train,23-25-27,C,Mr,0,1,Non-special,1,0
59,1.0,2,female,5.0,1,2,27.75,S,train,23-25-27,C,Miss,3,0,CA,0,0
60,0.0,3,male,11.0,5,2,46.9,S,train,23-25-27,C,Master,7,0,CA,1,0
61,0.0,3,male,22.0,0,0,7.2292,C,train,23-25-27,C,Mr,0,1,Non-special,1,0
62,1.0,1,female,38.0,0,0,80.0,,train,28,B,Miss,0,1,Non-special,0,0
63,0.0,1,male,45.0,1,0,83.475,S,train,83,C,Mr,1,0,Non-special,0,0
64,0.0,3,male,4.0,3,2,27.9,S,train,23-25-27,C,Master,5,0,Non-special,0,0
65,0.0,1,male,29.881137667304014,0,0,27.7208,C,train,23-25-27,C,Mr,0,1,PC,0,0
66,1.0,3,male,29.881137667304014,1,1,15.2458,C,train,23-25-27,C,Master,2,0,Non-special,1,0
67,1.0,2,female,29.0,0,0,10.5,S,train,33,F,Mrs,0,1,CA,0,0
68,0.0,3,male,19.0,0,0,8.1583,S,train,23-25-27,C,Mr,0,1,SP,1,0
69,1.0,3,female,17.0,4,2,7.925,S,train,23-25-27,C,Miss,6,0,Non-special,0,0
70,0.0,3,male,26.0,2,0,8.6625,S,train,23-25-27,C,Mr,2,0,Non-special,0,0
71,0.0,2,male,32.0,0,0,10.5,S,train,23-25-27,C,Mr,0,1,CA,0,0
72,0.0,3,female,16.0,5,2,46.9,S,train,23-25-27,C,Miss,7,0,CA,1,1
73,0.0,2,male,21.0,0,0,73.5,S,train,23-25-27,C,Mr,0,1,SOC,0,0
74,0.0,3,male,26.0,1,0,14.4542,C,train,23-25-27,C,Mr,1,0,Non-special,1,0
75,1.0,3,male,32.0,0,0,56.4958,S,train,23-25-27,C,Mr,0,1,Non-special,1,0
76,0.0,3,male,25.0,0,0,7.65,S,train,73,F-G,Mr,0,1,Non-special,0,0
77,0.0,3,male,29.881137667304014,0,0,7.8958,S,train,23-25-27,C,Mr,0,1,Non-special,0,0
78,0.0,3,male,29.881137667304014,0,0,8.05,S,train,23-25-27,C,Mr,0,1,Non-special,0,0
79,1.0,2,male,0.83,0,2,29.0,S,train,23-25-27,C,Master,2,0,Non-special,0,0
80,1.0,3,female,30.0,0,0,12.475,S,train,23-25-27,C,Miss,0,1,Non-special,0,0
81,0.0,3,male,22.0,0,0,9.0,S,train,23-25-27,C,Mr,0,1,Non-special,0,0
82,1.0,3,male,29.0,0,0,9.5,S,train,23-25-27,C,Mr,0,1,Non-special,0,0
83,1.0,3,female,29.881137667304014,0,0,7.7875,Q,train,23-25-27,C,Miss,0,1,Non-special,0,0
84,0.0,1,male,28.0,0,0,47.1,S,train,23-25-27,C,Mr,0,1,Non-special,0,0
85,1.0,2,female,17.0,0,0,10.5,S,train,23-25-27,C,Miss,0,1,SO/C,0,0
86,1.0,3,female,33.0,3,0,15.85,S,train,23-25-27,C,Mrs,3,0,Non-special,0,0
87,0.0,3,male,16.0,1,3,34.375,S,train,23-25-27,C,Mr,4,0,W/C,1,0
88,0.0,3,male,29.881137667304014,0,0,8.05,S,train,23-25-27,C,Mr,0,1,SOTON/OQ,0,0
89,1.0,1,female,23.0,3,2,263.0,S,train,23-25-27,C,Miss,5,0,Non-special,0,1
90,0.0,3,male,24.0,0,0,8.05,S,train,23-25-27,C,Mr,0,1,Non-special,0,0
91,0.0,3,male,29.0,0,0,8.05,S,train,23-25-27,C,Mr,0,1,Non-special,0,0
92,0.0,3,male,20.0,0,0,7.8542,S,train,23-25-27,C,Mr,0,1,Non-special,0,0
93,0.0,1,male,46.0,1,0,61.175,S,train,31,E,Mr,1,0,WEP,1,0
94,0.0,3,male,26.0,1,2,20.575,S,train,23-25-27,C,Mr,3,0,CA,1,0
95,0.0,3,male,59.0,0,0,7.25,S,train,23-25-27,C,Mr,0,1,Non-special,0,0
96,0.0,3,male,29.881137667304014,0,0,8.05,S,train,23-25-27,C,Mr,0,1,Non-special,0,0
97,0.0,1,male,71.0,0,0,34.6542,C,train,5,A,Mr,0,1,PC,0,0
98,1.0,1,male,23.0,0,1,63.3583,C,train,10-12,D,Mr,1,0,PC,0,0
99,1.0,2,female,34.0,0,1,23.0,S,train,23-25-27,C,Mrs,1,0,Non-special,0,0
100,0.0,2,male,34.0,1,0,26.0,S,train,23-25-27,C,Mr,1,0,Non-special,0,0
101,0.0,3,female,28.0,0,0,7.8958,S,train,23-25-27,C,Miss,0,1,Non-special,0,0
102,0.0,3,male,29.881137667304014,0,0,7.8958,S,train,23-25-27,C,Mr,0,1,Non-special,0,0
103,0.0,1,male,21.0,0,1,77.2875,S,train,26,D,Mr,1,0,Non-special,0,0
104,0.0,3,male,33.0,0,0,8.6542,S,train,23-25-27,C,Mr,0,1,Non-special,1,0
105,0.0,3,male,37.0,2,0,7.925,S,train,23-25-27,C,Mr,2,0,Non-special,0,0
106,0.0,3,male,28.0,0,0,7.8958,S,train,23-25-27,C,Mr,0,1,Non-special,0,0
107,1.0,3,female,21.0,0,0,7.65,S,train,23-25-27,C,Miss,0,1,Non-special,0,0
108,1.0,3,male,29.881137667304014,0,0,7.775,S,train,23-25-27,C,Mr,0,1,Non-special,0,0
109,0.0,3,male,38.0,0,0,7.8958,S,train,23-25-27,C,Mr,0,1,Non-special,0,0
110,1.0,3,female,29.881137667304014,1,0,24.15,Q,train,23-25-27,C,Miss,1,0,Non-special,0,0
111,0.0,1,male,47.0,0,0,52.0,S,train,110,C,Mr,0,1,Non-special,0,0
112,0.0,3,female,14.5,1,0,14.4542,C,train,23-25-27,C,Miss,1,0,Non-special,1,0
113,0.0,3,male,22.0,0,0,8.05,S,train,23-25-27,C,Mr,0,1,Non-special,0,0
114,0.0,3,female,20.0,1,0,9.825,S,train,23-25-27,C,Miss,1,0,Non-special,1,0
115,0.0,3,female,17.0,0,0,14.4583,C,train,23-25-27,C,Miss,0,1,Non-special,1,0
116,0.0,3,male,21.0,0,0,7.925,S,train,23-25-27,C,Mr,0,1,STON/O,0,0
117,0.0,3,male,70.5,0,0,7.75,Q,train,23-25-27,C,Mr,0,1,Non-special,0,0
118,0.0,2,male,29.0,1,0,21.0,S,train,23-25-27,C,Mr,1,0,Non-special,0,1
119,0.0,1,male,24.0,0,1,247.5208,C,train,58-60,B,Mr,1,0,PC,0,0
120,0.0,3,female,2.0,4,2,31.275,S,train,23-25-27,C,Miss,6,0,Non-special,0,1
121,0.0,2,male,21.0,2,0,73.5,S,train,23-25-27,C,Mr,2,0,SOC,0,1
122,0.0,3,male,29.881137667304014,0,0,8.05,S,train,23-25-27,C,Mr,0,1,A4,0,0
123,0.0,2,male,32.5,1,0,30.0708,C,train,23-25-27,C,Mr,1,0,Non-special,0,1
124,1.0,2,female,32.5,0,0,13.0,S,train,101,E,Miss,0,1,Non-special,0,0
125,0.0,1,male,54.0,0,1,77.2875,S,train,26,D,Mr,1,0,Non-special,0,1
126,1.0,3,male,12.0,1,0,11.2417,C,train,23-25-27,C,Master,1,0,Non-special,1,1
127,0.0,3,male,29.881137667304014,0,0,7.75,Q,train,23-25-27,C,Mr,0,1,Non-special,0,0
128,1.0,3,male,24.0,0,0,7.1417,S,train,23-25-27,C,Mr,0,1,C,0,0
129,1.0,3,female,29.881137667304014,1,1,22.3583,C,train,69,F-E,Miss,2,0,Non-special,1,0
130,0.0,3,male,45.0,0,0,6.975,S,train,23-25-27,C,Mr,0,1,Non-special,0,0
131,0.0,3,male,33.0,0,0,7.8958,C,train,23-25-27,C,Mr,0,1,Non-special,0,0
132,0.0,3,male,20.0,0,0,7.05,S,train,23-25-27,C,Mr,0,1,SOTON/OQ,0,0
133,0.0,3,female,47.0,1,0,14.5,S,train,23-25-27,C,Mrs,1,0,A/5,1,0
134,1.0,2,female,29.0,1,0,26.0,S,train,23-25-27,C,Mrs,1,0,Non-special,0,0
135,0.0,2,male,25.0,0,0,13.0,S,train,23-25-27,C,Mr,0,1,CA,0,0
136,0.0,2,male,23.0,0,0,15.0458,C,train,23-25-27,C,Mr,0,1,SC/PARIS,1,0
137,1.0,1,female,19.0,0,2,26.2833,S,train,47,D,Miss,2,0,Non-special,0,0
138,0.0,1,male,37.0,1,0,53.1,S,train,123,C,Mr,1,0,Non-special,0,1
139,0.0,3,male,16.0,0,0,9.2167,S,train,23-25-27,C,Mr,0,1,Non-special,1,0
140,0.0,1,male,24.0,0,0,79.2,C,train,86,B,Mr,0,1,PC,0,0
141,0.0,3,female,29.881137667304014,0,2,15.2458,C,train,23-25-27,C,Mrs,2,0,Non-special,1,0
142,1.0,3,female,22.0,0,0,7.75,S,train,23-25-27,C,Miss,0,1,Non-special,0,0
143,1.0,3,female,24.0,1,0,15.85,S,train,23-25-27,C,Mrs,1,0,STON/O2,0,0
144,0.0,3,male,19.0,0,0,6.75,Q,train,23-25-27,C,Mr,0,1,Non-special,0,0
145,0.0,2,male,18.0,0,0,11.5,S,train,23-25-27,C,Mr,0,1,Non-special,0,0
146,0.0,2,male,19.0,1,1,36.75,S,train,23-25-27,C,Mr,2,0,CA,0,0
147,1.0,3,male,27.0,0,0,7.7958,S,train,23-25-27,C,Mr,0,1,Non-special,0,0
148,0.0,3,female,9.0,2,2,34.375,S,train,23-25-27,C,Miss,4,0,W/C,1,1
149,0.0,2,male,36.5,0,2,26.0,S,train,2,F,Mr,2,0,Non-special,0,0
150,0.0,2,male,42.0,0,0,13.0,S,train,23-25-27,C,Rev,0,1,Non-special,0,0
151,0.0,2,male,51.0,0,0,12.525,S,train,23-25-27,C,Rev,0,1,SOP,1,0
152,1.0,1,female,22.0,1,0,66.6,S,train,2,C,Mrs,1,0,Non-special,0,0
153,0.0,3,male,55.5,0,0,8.05,S,train,23-25-27,C,Mr,0,1,A5,0,0
154,0.0,3,male,40.5,0,2,14.5,S,train,23-25-27,C,Mr,2,0,A/5,1,0
155,0.0,3,male,29.881137667304014,0,0,7.3125,S,train,23-25-27,C,Mr,0,1,Fa,0,0
156,0.0,1,male,51.0,0,1,61.3792,C,train,23-25-27,C,Mr,1,0,PC,0,0
157,1.0,3,female,16.0,0,0,7.7333,Q,train,23-25-27,C,Miss,0,1,Non-special,0,0
158,0.0,3,male,30.0,0,0,8.05,S,train,23-25-27,C,Mr,0,1,SOTON/OQ,0,0
159,0.0,3,male,29.881137667304014,0,0,8.6625,S,train,23-25-27,C,Mr,0,1,Non-special,0,0
160,0.0,3,male,29.881137667304014,8,2,69.55,S,train,23-25-27,C,Master,10,0,CA,1,0
161,0.0,3,male,44.0,0,1,16.1,S,train,23-25-27,C,Mr,1,0,Non-special,0,0
162,1.0,2,female,40.0,0,0,15.75,S,train,23-25-27,C,Mrs,0,1,CA,0,0
163,0.0,3,male,26.0,0,0,7.775,S,train,23-25-27,C,Mr,0,1,Non-special,0,0
164,0.0,3,male,17.0,0,0,8.6625,S,train,23-25-27,C,Mr,0,1,Non-special,0,0
165,0.0,3,male,1.0,4,1,39.6875,S,train,23-25-27,C,Master,5,0,Non-special,0,1
166,1.0,3,male,9.0,0,2,20.525,S,train,23-25-27,C,Master,2,0,Non-special,0,0
167,1.0,1,female,29.881137667304014,0,1,55.0,S,train,33,E,Mrs,1,0,Non-special,0,0
168,0.0,3,female,45.0,1,4,27.9,S,train,23-25-27,C,Mrs,5,0,Non-special,0,1
169,0.0,1,male,29.881137667304014,0,0,25.925,S,train,23-25-27,C,Mr,0,1,PC,0,0
170,0.0,3,male,28.0,0,0,56.4958,S,train,23-25-27,C,Mr,0,1,Non-special,1,1
171,0.0,1,male,61.0,0,0,33.5,S,train,19,B,Mr,0,1,Non-special,0,0
172,0.0,3,male,4.0,4,1,29.125,Q,train,23-25-27,C,Master,5,0,Non-special,0,1
173,1.0,3,female,1.0,1,1,11.1333,S,train,23-25-27,C,Miss,2,0,Non-special,0,1
174,0.0,3,male,21.0,0,0,7.925,S,train,23-25-27,C,Mr,0,1,STON/O,0,0
175,0.0,1,male,56.0,0,0,30.6958,C,train,7,A,Mr,0,1,Non-special,0,0
176,0.0,3,male,18.0,1,1,7.8542,S,train,23-25-27,C,Mr,2,0,Non-special,0,0
177,0.0,3,male,29.881137667304014,3,1,25.4667,S,train,23-25-27,C,Master,4,0,Non-special,1,0
178,0.0,1,female,50.0,0,0,28.7125,C,train,49,C,Miss,0,1,PC,0,0
179,0.0,2,male,30.0,0,0,13.0,S,train,23-25-27,C,Mr,0,1,Non-special,0,0
180,0.0,3,male,36.0,0,0,0.0,S,train,23-25-27,C,Mr,0,1,LINE,1,0
181,0.0,3,female,29.881137667304014,8,2,69.55,S,train,23-25-27,C,Miss,10,0,CA,1,1
182,0.0,2,male,29.881137667304014,0,0,15.05,C,train,23-25-27,C,Mr,0,1,SC/PARIS,1,0
183,0.0,3,male,9.0,4,2,31.3875,S,train,23-25-27,C,Master,6,0,Non-special,0,1
184,1.0,2,male,1.0,2,1,39.0,S,train,4,F,Master,3,0,Non-special,0,0
185,1.0,3,female,4.0,0,2,22.025,S,train,23-25-27,C,Miss,2,0,Non-special,0,0
186,0.0,1,male,29.881137667304014,0,0,50.0,S,train,32,A,Mr,0,1,Non-special,0,0
187,1.0,3,female,29.881137667304014,1,0,15.5,Q,train,23-25-27,C,Mrs,1,0,Non-special,0,0
188,1.0,1,male,45.0,0,0,26.55,S,train,23-25-27,C,Mr,0,1,Non-special,0,0
189,0.0,3,male,40.0,1,1,15.5,Q,train,23-25-27,C,Mr,2,0,Non-special,0,0
190,0.0,3,male,36.0,0,0,7.8958,S,train,23-25-27,C,Mr,0,1,Non-special,0,0
191,1.0,2,female,32.0,0,0,13.0,S,train,23-25-27,C,Mrs,0,1,Non-special,0,0
192,0.0,2,male,19.0,0,0,13.0,S,train,23-25-27,C,Mr,0,1,Non-special,0,0
193,1.0,3,female,19.0,1,0,7.8542,S,train,23-25-27,C,Miss,1,0,Non-special,0,0
194,1.0,2,male,3.0,1,1,26.0,S,train,2,F,Master,2,0,Non-special,0,1
195,1.0,1,female,44.0,0,0,27.7208,C,train,4,B,Mrs,0,1,PC,0,0
196,1.0,1,female,58.0,0,0,146.5208,C,train,80,B,Miss,0,1,PC,0,1
197,0.0,3,male,29.881137667304014,0,0,7.75,Q,train,23-25-27,C,Mr,0,1,Non-special,0,0
198,0.0,3,male,42.0,0,1,8.4042,S,train,23-25-27,C,Mr,1,0,Non-special,1,0
199,1.0,3,female,29.881137667304014,0,0,7.75,Q,train,23-25-27,C,Miss,0,1,Non-special,0,0
200,0.0,2,female,24.0,0,0,13.0,S,train,23-25-27,C,Miss,0,1,Non-special,0,0
201,0.0,3,male,28.0,0,0,9.5,S,train,23-25-27,C,Mr,0,1,Non-special,0,0
202,0.0,3,male,29.881137667304014,8,2,69.55,S,train,23-25-27,C,Mr,10,0,CA,1,1
203,0.0,3,male,34.0,0,0,6.4958,S,train,23-25-27,C,Mr,0,1,Non-special,0,0
204,0.0,3,male,45.5,0,0,7.225,C,train,23-25-27,C,Mr,0,1,Non-special,1,0
205,1.0,3,male,18.0,0,0,8.05,S,train,23-25-27,C,Mr,0,1,A/5,1,0
206,0.0,3,female,2.0,0,1,10.4625,S,train,6,G,Miss,1,0,Non-special,0,0
207,0.0,3,male,32.0,1,0,15.85,S,train,23-25-27,C,Mr,1,0,Non-special,0,1
208,1.0,3,male,26.0,0,0,18.7875,C,train,23-25-27,C,Mr,0,1,Non-special,1,0
209,1.0,3,female,16.0,0,0,7.75,Q,train,23-25-27,C,Miss,0,1,Non-special,0,0
210,1.0,1,male,40.0,0,0,31.0,C,train,31,A,Mr,0,1,Non-special,0,0
211,0.0,3,male,24.0,0,0,7.05,S,train,23-25-27,C,Mr,0,1,SOTON/OQ,0,0
212,1.0,2,female,35.0,0,0,21.0,S,train,23-25-27,C,Miss,0,1,FCC,0,0
213,0.0,3,male,22.0,0,0,7.25,S,train,23-25-27,C,Mr,0,1,A/5,0,0
214,0.0,2,male,30.0,0,0,13.0,S,train,23-25-27,C,Mr,0,1,Non-special,0,0
215,0.0,3,male,29.881137667304014,1,0,7.75,Q,train,23-25-27,C,Mr,1,0,Non-special,0,0
216,1.0,1,female,31.0,1,0,113.275,C,train,36,D,Miss,1,0,Non-special,0,0
217,1.0,3,female,27.0,0,0,7.925,S,train,23-25-27,C,Miss,0,1,STON/O2,0,0
218,0.0,2,male,42.0,1,0,27.0,S,train,23-25-27,C,Mr,1,0,Non-special,0,0
219,1.0,1,female,32.0,0,0,76.2917,C,train,15,D,Miss,0,1,Non-special,0,0
220,0.0,2,male,30.0,0,0,10.5,S,train,23-25-27,C,Mr,0,1,W/C,0,0
221,1.0,3,male,16.0,0,0,8.05,S,train,23-25-27,C,Mr,0,1,SOTON/OQ,0,0
222,0.0,2,male,27.0,0,0,13.0,S,train,23-25-27,C,Mr,0,1,Non-special,0,0
223,0.0,3,male,51.0,0,0,8.05,S,train,23-25-27,C,Mr,0,1,Non-special,0,0
224,0.0,3,male,29.881137667304014,0,0,7.8958,S,train,23-25-27,C,Mr,0,1,Non-special,0,0
225,1.0,1,male,38.0,1,0,90.0,S,train,93,C,Mr,1,0,Non-special,0,0
226,0.0,3,male,22.0,0,0,9.35,S,train,23-25-27,C,Mr,0,1,PP,1,0
227,1.0,2,male,19.0,0,0,10.5,S,train,23-25-27,C,Mr,0,1,SW/PP,1,0
228,0.0,3,male,20.5,0,0,7.25,S,train,23-25-27,C,Mr,0,1,A/5,0,0
229,0.0,2,male,18.0,0,0,13.0,S,train,23-25-27,C,Mr,0,1,Non-special,0,0
230,0.0,3,female,29.881137667304014,3,1,25.4667,S,train,23-25-27,C,Miss,4,0,Non-special,1,1
231,1.0,1,female,35.0,1,0,83.475,S,train,83,C,Mrs,1,0,Non-special,0,1
232,0.0,3,male,29.0,0,0,7.775,S,train,23-25-27,C,Mr,0,1,Non-special,0,0
233,0.0,2,male,59.0,0,0,13.5,S,train,23-25-27,C,Mr,0,1,Non-special,0,0
234,1.0,3,female,5.0,4,2,31.3875,S,train,23-25-27,C,Miss,6,0,Non-special,0,1
235,0.0,2,male,24.0,0,0,10.5,S,train,23-25-27,C,Mr,0,1,CA,0,0
236,0.0,3,female,29.881137667304014,0,0,7.55,S,train,23-25-27,C,Miss,0,1,W/C,1,0
237,0.0,2,male,44.0,1,0,26.0,S,train,23-25-27,C,Mr,1,0,Non-special,0,0
238,1.0,2,female,8.0,0,2,26.25,S,train,23-25-27,C,Miss,2,0,CA,0,0
239,0.0,2,male,19.0,0,0,10.5,S,train,23-25-27,C,Mr,0,1,Non-special,0,0
240,0.0,2,male,33.0,0,0,12.275,S,train,23-25-27,C,Mr,0,1,SCO/W,1,0
241,0.0,3,female,29.881137667304014,1,0,14.4542,C,train,23-25-27,C,Miss,1,0,Non-special,1,1
242,1.0,3,female,29.881137667304014,1,0,15.5,Q,train,23-25-27,C,Miss,1,0,Non-special,0,0
243,0.0,2,male,29.0,0,0,10.5,S,train,23-25-27,C,Mr,0,1,W/C,0,0
244,0.0,3,male,22.0,0,0,7.125,S,train,23-25-27,C,Mr,0,1,STON/O,0,0
245,0.0,3,male,30.0,0,0,7.225,C,train,23-25-27,C,Mr,0,1,Non-special,1,0
246,0.0,1,male,44.0,2,0,90.0,Q,train,78,C,Dr,2,0,Non-special,0,0
247,0.0,3,female,25.0,0,0,7.775,S,train,23-25-27,C,Miss,0,1,Non-special,0,0
248,1.0,2,female,24.0,0,2,14.5,S,train,23-25-27,C,Mrs,2,0,Non-special,0,0
249,1.0,1,male,37.0,1,1,52.5542,S,train,35,D,Mr,2,0,Non-special,0,0
250,0.0,2,male,54.0,1,0,26.0,S,train,23-25-27,C,Rev,1,0,Non-special,0,0
251,0.0,3,male,29.881137667304014,0,0,7.25,S,train,23-25-27,C,Mr,0,1,Non-special,0,0
252,0.0,3,female,29.0,1,1,10.4625,S,train,6,G,Mrs,2,0,Non-special,0,1
253,0.0,1,male,62.0,0,0,26.55,S,train,87,C,Mr,0,1,Non-special,0,0
254,0.0,3,male,30.0,1,0,16.1,S,train,23-25-27,C,Mr,1,0,A/5,1,0
255,0.0,3,female,41.0,0,2,20.2125,S,train,23-25-27,C,Mrs,2,0,Non-special,0,0
256,1.0,3,female,29.0,0,2,15.2458,C,train,23-25-27,C,Mrs,2,0,Non-special,1,0
257,1.0,1,female,29.881137667304014,0,0,79.2,C,train,23-25-27,C,Mrs,0,1,PC,0,0
258,1.0,1,female,30.0,0,0,86.5,S,train,77,B,Miss,0,1,Non-special,0,0
259,1.0,1,female,35.0,0,0,512.3292,C,train,23-25-27,C,Miss,0,1,PC,0,0
260,1.0,2,female,50.0,0,1,26.0,S,train,23-25-27,C,Mrs,1,0,Non-special,0,0
261,0.0,3,male,29.881137667304014,0,0,7.75,Q,train,23-25-27,C,Mr,0,1,Non-special,0,0
262,1.0,3,male,3.0,4,2,31.3875,S,train,23-25-27,C,Master,6,0,Non-special,0,1
263,0.0,1,male,52.0,1,1,79.65,S,train,67,E,Mr,2,0,Non-special,0,0
264,0.0,1,male,40.0,0,0,0.0,S,train,94,B,Mr,0,1,Non-special,0,0
265,0.0,3,female,29.881137667304014,0,0,7.75,Q,train,23-25-27,C,Miss,0,1,Non-special,0,0
266,0.0,2,male,36.0,0,0,10.5,S,train,23-25-27,C,Mr,0,1,CA,0,0
267,0.0,3,male,16.0,4,1,39.6875,S,train,23-25-27,C,Mr,5,0,Non-special,0,1
268,1.0,3,male,25.0,1,0,7.775,S,train,23-25-27,C,Mr,1,0,Non-special,0,0
269,1.0,1,female,58.0,0,1,153.4625,S,train,125,C,Mrs,1,0,PC,0,0
270,1.0,1,female,35.0,0,0,135.6333,S,train,99,C,Miss,0,1,PC,0,0
271,0.0,1,male,29.881137667304014,0,0,31.0,S,train,23-25-27,C,Mr,0,1,Non-special,0,0
272,1.0,3,male,25.0,0,0,0.0,S,train,23-25-27,C,Mr,0,1,LINE,1,1
273,1.0,2,female,41.0,0,1,19.5,S,train,23-25-27,C,Mrs,1,0,Non-special,0,0
274,0.0,1,male,37.0,0,1,29.7,C,train,118,C,Mr,1,0,PC,0,0
275,1.0,3,female,29.881137667304014,0,0,7.75,Q,train,23-25-27,C,Miss,0,1,Non-special,0,0
276,1.0,1,female,63.0,1,0,77.9583,S,train,7,D,Miss,1,0,Non-special,0,0
277,0.0,3,female,45.0,0,0,7.75,S,train,23-25-27,C,Miss,0,1,Non-special,0,0
278,0.0,2,male,29.881137667304014,0,0,0.0,S,train,23-25-27,C,Mr,0,1,Non-special,0,0
279,0.0,3,male,7.0,4,1,29.125,Q,train,23-25-27,C,Master,5,0,Non-special,0,1
280,1.0,3,female,35.0,1,1,20.25,S,train,23-25-27,C,Mrs,2,0,CA,1,0
281,0.0,3,male,65.0,0,0,7.75,Q,train,23-25-27,C,Mr,0,1,Non-special,0,0
282,0.0,3,male,28.0,0,0,7.8542,S,train,23-25-27,C,Mr,0,1,Non-special,0,0
283,0.0,3,male,16.0,0,0,9.5,S,train,23-25-27,C,Mr,0,1,Non-special,0,0
284,1.0,3,male,19.0,0,0,8.05,S,train,23-25-27,C,Mr,0,1,A/5,0,0
285,0.0,1,male,29.881137667304014,0,0,26.0,S,train,19,A,Mr,0,1,Non-special,0,0
286,0.0,3,male,33.0,0,0,8.6625,C,train,23-25-27,C,Mr,0,1,Non-special,0,0
287,1.0,3,male,30.0,0,0,9.5,S,train,23-25-27,C,Mr,0,1,Non-special,0,0
288,0.0,3,male,22.0,0,0,7.8958,S,train,23-25-27,C,Mr,0,1,Non-special,0,0
289,1.0,2,male,42.0,0,0,13.0,S,train,23-25-27,C,Mr,0,1,Non-special,0,0
290,1.0,3,female,22.0,0,0,7.75,Q,train,23-25-27,C,Miss,0,1,Non-special,0,0
291,1.0,1,female,26.0,0,0,78.85,S,train,23-25-27,C,Miss,0,1,Non-special,0,0
292,1.0,1,female,19.0,1,0,91.0792,C,train,49,B,Mrs,1,0,Non-special,0,0
293,0.0,2,male,36.0,0,0,12.875,C,train,,D,Mr,0,1,SC/Paris,1,0
294,0.0,3,female,24.0,0,0,8.85,S,train,23-25-27,C,Miss,0,1,Non-special,0,0
295,0.0,3,male,24.0,0,0,7.8958,S,train,23-25-27,C,Mr,0,1,Non-special,0,0
296,0.0,1,male,29.881137667304014,0,0,27.7208,C,train,23-25-27,C,Mr,0,1,PC,0,0
297,0.0,3,male,23.5,0,0,7.2292,C,train,23-25-27,C,Mr,0,1,Non-special,1,0
298,0.0,1,female,2.0,1,2,151.55,S,train,22-26,C,Miss,3,0,Non-special,0,0
299,1.0,1,male,29.881137667304014,0,0,30.5,S,train,106,C,Mr,0,1,Non-special,0,0
300,1.0,1,female,50.0,0,1,247.5208,C,train,58-60,B,Mrs,1,0,PC,0,1
301,1.0,3,female,29.881137667304014,0,0,7.75,Q,train,23-25-27,C,Miss,0,1,Non-special,1,0
302,1.0,3,male,29.881137667304014,2,0,23.25,Q,train,23-25-27,C,Mr,2,0,Non-special,0,0
303,0.0,3,male,19.0,0,0,0.0,S,train,23-25-27,C,Mr,0,1,LINE,1,1
304,1.0,2,female,29.881137667304014,0,0,12.35,Q,train,101,E,Miss,0,1,Non-special,0,0
305,0.0,3,male,29.881137667304014,0,0,8.05,S,train,23-25-27,C,Mr,0,1,A/5,1,0
306,1.0,1,male,0.92,1,2,151.55,S,train,22-26,C,Master,3,0,Non-special,0,1
307,1.0,1,female,29.881137667304014,0,0,110.8833,C,train,23-25-27,C,Miss,0,1,Non-special,0,0
308,1.0,1,female,17.0,1,0,108.9,C,train,65,C,Mrs,1,0,PC,0,0
309,0.0,2,male,30.0,1,0,24.0,C,train,23-25-27,C,Mr,1,0,P/PP,1,0
310,1.0,1,female,30.0,0,0,56.9292,C,train,36,E,Miss,0,1,PC,0,0
311,1.0,1,female,24.0,0,0,83.1583,C,train,54,C,Miss,0,1,Non-special,0,0
312,1.0,1,female,18.0,2,2,262.375,C,train,57-59-63-66,B,Miss,4,0,PC,0,0
313,0.0,2,female,26.0,1,1,26.0,S,train,23-25-27,C,Mrs,2,0,Non-special,0,0
314,0.0,3,male,28.0,0,0,7.8958,S,train,23-25-27,C,Mr,0,1,Non-special,0,0
315,0.0,2,male,43.0,1,1,26.25,S,train,23-25-27,C,Mr,2,0,FCC,0,0
316,1.0,3,female,26.0,0,0,7.8542,S,train,23-25-27,C,Miss,0,1,Non-special,0,0
317,1.0,2,female,24.0,1,0,26.0,S,train,23-25-27,C,Mrs,1,0,Non-special,0,1
318,0.0,2,male,54.0,0,0,14.0,S,train,23-25-27,C,Dr,0,1,Non-special,0,0
319,1.0,1,female,31.0,0,2,164.8667,S,train,7,C,Miss,2,0,Non-special,0,0
320,1.0,1,female,40.0,1,1,134.5,C,train,34,E,Mrs,2,0,Non-special,0,0
321,0.0,3,male,22.0,0,0,7.25,S,train,23-25-27,C,Mr,0,1,A/5,0,0
322,0.0,3,male,27.0,0,0,7.8958,S,train,23-25-27,C,Mr,0,1,Non-special,0,0
323,1.0,2,female,30.0,0,0,12.35,Q,train,23-25-27,C,Miss,0,1,Non-special,0,0
324,1.0,2,female,22.0,1,1,29.0,S,train,23-25-27,C,Mrs,2,0,Non-special,0,1
325,0.0,3,male,29.881137667304014,8,2,69.55,S,train,23-25-27,C,Mr,10,0,CA,1,1
326,1.0,1,female,36.0,0,0,135.6333,C,train,32,C,Miss,0,1,PC,0,1
327,0.0,3,male,61.0,0,0,6.2375,S,train,23-25-27,C,Mr,0,1,Non-special,0,0
328,1.0,2,female,36.0,0,0,13.0,S,train,,D,Mrs,0,1,Non-special,0,0
329,1.0,3,female,31.0,1,1,20.525,S,train,23-25-27,C,Mrs,2,0,Non-special,0,1
330,1.0,1,female,16.0,0,1,57.9792,C,train,18,B,Miss,1,0,Non-special,0,0
331,1.0,3,female,29.881137667304014,2,0,23.25,Q,train,23-25-27,C,Miss,2,0,Non-special,0,1
332,0.0,1,male,45.5,0,0,28.5,S,train,124,C,Mr,0,1,Non-special,0,0
333,0.0,1,male,38.0,0,1,153.4625,S,train,91,C,Mr,1,0,PC,0,1
334,0.0,3,male,16.0,2,0,18.0,S,train,23-25-27,C,Mr,2,0,Non-special,0,1
335,1.0,1,female,29.881137667304014,1,0,133.65,S,train,23-25-27,C,Mrs,1,0,PC,0,0
336,0.0,3,male,29.881137667304014,0,0,7.8958,S,train,23-25-27,C,Mr,0,1,Non-special,0,0
337,0.0,1,male,29.0,1,0,66.6,S,train,2,C,Mr,1,0,Non-special,0,1
338,1.0,1,female,41.0,0,0,134.5,C,train,40,E,Miss,0,1,Non-special,0,1
339,1.0,3,male,45.0,0,0,8.05,S,train,23-25-27,C,Mr,0,1,Non-special,1,0
340,0.0,1,male,45.0,0,0,35.5,S,train,,T,Mr,0,1,Non-special,0,0
341,1.0,2,male,2.0,1,1,26.0,S,train,2,F,Master,2,0,Non-special,0,1
342,1.0,1,female,24.0,3,2,263.0,S,train,23-25-27,C,Miss,5,0,Non-special,0,1
343,0.0,2,male,28.0,0,0,13.0,S,train,23-25-27,C,Mr,0,1,Non-special,0,0
344,0.0,2,male,25.0,0,0,13.0,S,train,23-25-27,C,Mr,0,1,Non-special,0,0
345,0.0,2,male,36.0,0,0,13.0,S,train,23-25-27,C,Mr,0,1,Non-special,0,0
346,1.0,2,female,24.0,0,0,13.0,S,train,33,F,Miss,0,1,Non-special,0,0
347,1.0,2,female,40.0,0,0,13.0,S,train,23-25-27,C,Miss,0,1,Non-special,0,0
348,1.0,3,female,29.881137667304014,1,0,16.1,S,train,23-25-27,C,Mrs,1,0,Non-special,0,0
349,1.0,3,male,3.0,1,1,15.9,S,train,23-25-27,C,Master,2,0,CA,0,0
350,0.0,3,male,42.0,0,0,8.6625,S,train,23-25-27,C,Mr,0,1,Non-special,0,0
351,0.0,3,male,23.0,0,0,9.225,S,train,23-25-27,C,Mr,0,1,Non-special,1,0
352,0.0,1,male,29.881137667304014,0,0,35.0,S,train,128,C,Mr,0,1,Non-special,0,0
353,0.0,3,male,15.0,1,1,7.2292,C,train,23-25-27,C,Mr,2,0,Non-special,1,0
354,0.0,3,male,25.0,1,0,17.8,S,train,23-25-27,C,Mr,1,0,Non-special,0,1
355,0.0,3,male,29.881137667304014,0,0,7.225,C,train,23-25-27,C,Mr,0,1,Non-special,1,0
356,0.0,3,male,28.0,0,0,9.5,S,train,23-25-27,C,Mr,0,1,Non-special,0,0
357,1.0,1,female,22.0,0,1,55.0,S,train,33,E,Miss,1,0,Non-special,0,1
358,0.0,2,female,38.0,0,0,13.0,S,train,23-25-27,C,Miss,0,1,Non-special,0,0
359,1.0,3,female,29.881137667304014,0,0,7.8792,Q,train,23-25-27,C,Miss,0,1,Non-special,0,0
360,1.0,3,female,29.881137667304014,0,0,7.8792,Q,train,23-25-27,C,Miss,0,1,Non-special,0,0
361,0.0,3,male,40.0,1,4,27.9,S,train,23-25-27,C,Mr,5,0,Non-special,0,1
362,0.0,2,male,29.0,1,0,27.7208,C,train,23-25-27,C,Mr,1,0,SC/PARIS,1,0
363,0.0,3,female,45.0,0,1,14.4542,C,train,23-25-27,C,Mrs,1,0,Non-special,1,0
364,0.0,3,male,35.0,0,0,7.05,S,train,23-25-27,C,Mr,0,1,SOTON/OQ,0,0
365,0.0,3,male,29.881137667304014,1,0,15.5,Q,train,23-25-27,C,Mr,1,0,Non-special,0,1
366,0.0,3,male,30.0,0,0,7.25,S,train,23-25-27,C,Mr,0,1,C,1,0
367,1.0,1,female,60.0,1,0,75.25,C,train,37,D,Mrs,1,0,Non-special,0,0
368,1.0,3,female,29.881137667304014,0,0,7.2292,C,train,23-25-27,C,Mrs,0,1,Non-special,1,0
369,1.0,3,female,29.881137667304014,0,0,7.75,Q,train,23-25-27,C,Miss,0,1,Non-special,0,0
370,1.0,1,female,24.0,0,0,69.3,C,train,35,B,Mme,0,1,PC,0,0
371,1.0,1,male,25.0,1,0,55.4417,C,train,50,E,Mr,1,0,Non-special,0,0
372,0.0,3,male,18.0,1,0,6.4958,S,train,23-25-27,C,Mr,1,0,Non-special,0,0
373,0.0,3,male,19.0,0,0,8.05,S,train,23-25-27,C,Mr,0,1,Non-special,0,0
374,0.0,1,male,22.0,0,0,135.6333,C,train,23-25-27,C,Mr,0,1,PC,0,1
375,0.0,3,female,3.0,3,1,21.075,S,train,23-25-27,C,Miss,4,0,Non-special,0,1
376,1.0,1,female,29.881137667304014,1,0,82.1708,C,train,23-25-27,C,Mrs,1,0,PC,0,1
377,1.0,3,female,22.0,0,0,7.25,S,train,23-25-27,C,Miss,0,1,C,1,0
378,0.0,1,male,27.0,0,2,211.5,C,train,82,C,Mr,2,0,Non-special,0,0
379,0.0,3,male,20.0,0,0,4.0125,C,train,23-25-27,C,Mr,0,1,Non-special,1,0
380,0.0,3,male,19.0,0,0,7.775,S,train,23-25-27,C,Mr,0,1,Non-special,0,0
381,1.0,1,female,42.0,0,0,227.525,C,train,23-25-27,C,Miss,0,1,PC,0,0
382,1.0,3,female,1.0,0,2,15.7417,C,train,23-25-27,C,Miss,2,0,Non-special,1,0
383,0.0,3,male,32.0,0,0,7.925,S,train,23-25-27,C,Mr,0,1,STON/O,0,0
384,1.0,1,female,35.0,1,0,52.0,S,train,23-25-27,C,Mrs,1,0,Non-special,0,1
385,0.0,3,male,29.881137667304014,0,0,7.8958,S,train,23-25-27,C,Mr,0,1,Non-special,0,0
386,0.0,2,male,18.0,0,0,73.5,S,train,23-25-27,C,Mr,0,1,SOC,0,1
387,0.0,3,male,1.0,5,2,46.9,S,train,23-25-27,C,Master,7,0,CA,1,1
388,1.0,2,female,36.0,0,0,13.0,S,train,23-25-27,C,Miss,0,1,Non-special,0,0
389,0.0,3,male,29.881137667304014,0,0,7.7292,Q,train,23-25-27,C,Mr,0,1,Non-special,0,0
390,1.0,2,female,17.0,0,0,12.0,C,train,23-25-27,C,Miss,0,1,SC,1,0
391,1.0,1,male,36.0,1,2,120.0,S,train,96-98,B,Mr,3,0,Non-special,0,0
392,1.0,3,male,21.0,0,0,7.7958,S,train,23-25-27,C,Mr,0,1,Non-special,0,0
393,0.0,3,male,28.0,2,0,7.925,S,train,23-25-27,C,Mr,2,0,Non-special,0,0
394,1.0,1,female,23.0,1,0,113.275,C,train,36,D,Miss,1,0,Non-special,0,1
395,1.0,3,female,24.0,0,2,16.7,S,train,6,G,Mrs,2,0,PP,1,1
396,0.0,3,male,22.0,0,0,7.7958,S,train,23-25-27,C,Mr,0,1,Non-special,0,0
397,0.0,3,female,31.0,0,0,7.8542,S,train,23-25-27,C,Miss,0,1,Non-special,0,0
398,0.0,2,male,46.0,0,0,26.0,S,train,23-25-27,C,Mr,0,1,Non-special,0,0
399,0.0,2,male,23.0,0,0,10.5,S,train,23-25-27,C,Dr,0,1,Non-special,0,0
400,1.0,2,female,28.0,0,0,12.65,S,train,23-25-27,C,Mrs,0,1,Non-special,0,0
401,1.0,3,male,39.0,0,0,7.925,S,train,23-25-27,C,Mr,0,1,STON/O,0,0
402,0.0,3,male,26.0,0,0,8.05,S,train,23-25-27,C,Mr,0,1,Non-special,0,0
403,0.0,3,female,21.0,1,0,9.825,S,train,23-25-27,C,Miss,1,0,Non-special,1,0
404,0.0,3,male,28.0,1,0,15.85,S,train,23-25-27,C,Mr,1,0,STON/O2,0,1
405,0.0,3,female,20.0,0,0,8.6625,S,train,23-25-27,C,Miss,0,1,Non-special,0,0
406,0.0,2,male,34.0,1,0,21.0,S,train,23-25-27,C,Mr,1,0,Non-special,0,0
407,0.0,3,male,51.0,0,0,7.75,S,train,23-25-27,C,Mr,0,1,Non-special,0,0
408,1.0,2,male,3.0,1,1,18.75,S,train,23-25-27,C,Master,2,0,Non-special,0,0
409,0.0,3,male,21.0,0,0,7.775,S,train,23-25-27,C,Mr,0,1,Non-special,0,0
410,0.0,3,female,29.881137667304014,3,1,25.4667,S,train,23-25-27,C,Miss,4,0,Non-special,1,1
411,0.0,3,male,29.881137667304014,0,0,7.8958,S,train,23-25-27,C,Mr,0,1,Non-special,0,0
412,0.0,3,male,29.881137667304014,0,0,6.8583,Q,train,23-25-27,C,Mr,0,1,Non-special,0,0
413,1.0,1,female,33.0,1,0,90.0,Q,train,78,C,Miss,1,0,Non-special,0,1
414,0.0,2,male,29.881137667304014,0,0,0.0,S,train,23-25-27,C,Mr,0,1,Non-special,0,1
415,1.0,3,male,44.0,0,0,7.925,S,train,23-25-27,C,Mr,0,1,STON/O,0,0
416,0.0,3,female,29.881137667304014,0,0,8.05,S,train,23-25-27,C,Mrs,0,1,Non-special,0,0
417,1.0,2,female,34.0,1,1,32.5,S,train,23-25-27,C,Mrs,2,0,Non-special,0,0
418,1.0,2,female,18.0,0,2,13.0,S,train,23-25-27,C,Miss,2,0,Non-special,0,0
419,0.0,2,male,30.0,0,0,13.0,S,train,23-25-27,C,Mr,0,1,Non-special,0,0
420,0.0,3,female,10.0,0,2,24.15,S,train,23-25-27,C,Miss,2,0,Non-special,0,0
421,0.0,3,male,29.881137667304014,0,0,7.8958,C,train,23-25-27,C,Mr,0,1,Non-special,0,0
422,0.0,3,male,21.0,0,0,7.7333,Q,train,23-25-27,C,Mr,0,1,A/5,0,0
423,0.0,3,male,29.0,0,0,7.875,S,train,23-25-27,C,Mr,0,1,Non-special,0,0
424,0.0,3,female,28.0,1,1,14.4,S,train,23-25-27,C,Mrs,2,0,Non-special,0,0
425,0.0,3,male,18.0,1,1,20.2125,S,train,23-25-27,C,Mr,2,0,Non-special,0,1
426,0.0,3,male,29.881137667304014,0,0,7.25,S,train,23-25-27,C,Mr,0,1,A/4,0,0
427,1.0,2,female,28.0,1,0,26.0,S,train,23-25-27,C,Mrs,1,0,Non-special,1,0
428,1.0,2,female,19.0,0,0,26.0,S,train,23-25-27,C,Miss,0,1,Non-special,0,0
429,0.0,3,male,29.881137667304014,0,0,7.75,Q,train,23-25-27,C,Mr,0,1,Non-special,0,0
430,1.0,3,male,32.0,0,0,8.05,S,train,10,E,Mr,0,1,SOTON/OQ,0,0
431,1.0,1,male,28.0,0,0,26.55,S,train,52,C,Mr,0,1,Non-special,0,0
432,1.0,3,female,29.881137667304014,1,0,16.1,S,train,23-25-27,C,Mrs,1,0,Non-special,0,0
433,1.0,2,female,42.0,1,0,26.0,S,train,23-25-27,C,Mrs,1,0,SC/AH,1,0
434,0.0,3,male,17.0,0,0,7.125,S,train,23-25-27,C,Mr,0,1,STON/O,0,0
435,0.0,1,male,50.0,1,0,55.9,S,train,44,E,Mr,1,0,Non-special,0,0
436,1.0,1,female,14.0,1,2,120.0,S,train,96-98,B,Miss,3,0,Non-special,0,1
437,0.0,3,female,21.0,2,2,34.375,S,train,23-25-27,C,Miss,4,0,W/C,1,1
438,1.0,2,female,24.0,2,3,18.75,S,train,23-25-27,C,Mrs,5,0,Non-special,0,1
439,0.0,1,male,64.0,1,4,263.0,S,train,23-25-27,C,Mr,5,0,Non-special,0,1
440,0.0,2,male,31.0,0,0,10.5,S,train,23-25-27,C,Mr,0,1,CA,0,0
441,1.0,2,female,45.0,1,1,26.25,S,train,23-25-27,C,Mrs,2,0,FCC,0,1
442,0.0,3,male,20.0,0,0,9.5,S,train,23-25-27,C,Mr,0,1,Non-special,0,0
443,0.0,3,male,25.0,1,0,7.775,S,train,23-25-27,C,Mr,1,0,Non-special,0,0
444,1.0,2,female,28.0,0,0,13.0,S,train,23-25-27,C,Ms,0,1,Non-special,0,0
445,1.0,3,male,29.881137667304014,0,0,8.1125,S,train,23-25-27,C,Mr,0,1,Non-special,0,0
446,1.0,1,male,4.0,0,2,81.8583,S,train,34,A,Master,2,0,Non-special,0,0
447,1.0,2,female,13.0,0,1,19.5,S,train,23-25-27,C,Miss,1,0,Non-special,0,1
448,1.0,1,male,34.0,0,0,26.55,S,train,23-25-27,C,Mr,0,1,Non-special,0,0
449,1.0,3,female,5.0,2,1,19.2583,C,train,23-25-27,C,Miss,3,0,Non-special,1,0
450,1.0,1,male,52.0,0,0,30.5,S,train,104,C,Major,0,1,Non-special,0,0
451,0.0,2,male,36.0,1,2,27.75,S,train,23-25-27,C,Mr,3,0,CA,0,1
452,0.0,3,male,29.881137667304014,1,0,19.9667,S,train,23-25-27,C,Mr,1,0,Non-special,0,0
453,0.0,1,male,30.0,0,0,27.75,C,train,111,C,Mr,0,1,Non-special,0,0
454,1.0,1,male,49.0,1,0,89.1042,C,train,92,C,Mr,1,0,Non-special,0,0
455,0.0,3,male,29.881137667304014,0,0,8.05,S,train,23-25-27,C,Mr,0,1,A/5,1,0
456,1.0,3,male,29.0,0,0,7.8958,C,train,23-25-27,C,Mr,0,1,Non-special,0,0
457,0.0,1,male,65.0,0,0,26.55,S,train,38,E,Mr,0,1,Non-special,0,0
458,1.0,1,female,29.881137667304014,1,0,51.8625,S,train,21,D,Mrs,1,0,Non-special,0,0
459,1.0,2,female,50.0,0,0,10.5,S,train,23-25-27,C,Miss,0,1,FCC,0,0
460,0.0,3,male,29.881137667304014,0,0,7.75,Q,train,23-25-27,C,Mr,0,1,Non-special,0,0
461,1.0,1,male,48.0,0,0,26.55,S,train,12,E,Mr,0,1,Non-special,0,0
462,0.0,3,male,34.0,0,0,8.05,S,train,23-25-27,C,Mr,0,1,Non-special,0,0
463,0.0,1,male,47.0,0,0,38.5,S,train,63,E,Mr,0,1,Non-special,0,0
464,0.0,2,male,48.0,0,0,13.0,S,train,23-25-27,C,Mr,0,1,Non-special,0,0
465,0.0,3,male,29.881137667304014,0,0,8.05,S,train,23-25-27,C,Mr,0,1,A/S,1,0
466,0.0,3,male,38.0,0,0,7.05,S,train,23-25-27,C,Mr,0,1,SOTON/OQ,0,0
467,0.0,2,male,29.881137667304014,0,0,0.0,S,train,23-25-27,C,Mr,0,1,Non-special,0,1
468,0.0,1,male,56.0,0,0,26.55,S,train,23-25-27,C,Mr,0,1,Non-special,0,0
469,0.0,3,male,29.881137667304014,0,0,7.725,Q,train,23-25-27,C,Mr,0,1,Non-special,0,0
470,1.0,3,female,0.75,2,1,19.2583,C,train,23-25-27,C,Miss,3,0,Non-special,1,1
471,0.0,3,male,29.881137667304014,0,0,7.25,S,train,23-25-27,C,Mr,0,1,Non-special,0,0
472,0.0,3,male,38.0,0,0,8.6625,S,train,23-25-27,C,Mr,0,1,Non-special,0,0
473,1.0,2,female,33.0,1,2,27.75,S,train,23-25-27,C,Mrs,3,0,CA,0,1
474,1.0,2,female,23.0,0,0,13.7917,C,train,,D,Mrs,0,1,SC/AH,1,0
475,0.0,3,female,22.0,0,0,9.8375,S,train,23-25-27,C,Miss,0,1,Non-special,1,0
476,0.0,1,male,29.881137667304014,0,0,52.0,S,train,14,A,Mr,0,1,Non-special,0,1
477,0.0,2,male,34.0,1,0,21.0,S,train,23-25-27,C,Mr,1,0,Non-special,0,0
478,0.0,3,male,29.0,1,0,7.0458,S,train,23-25-27,C,Mr,1,0,Non-special,1,0
479,0.0,3,male,22.0,0,0,7.5208,S,train,23-25-27,C,Mr,0,1,Non-special,0,0
480,1.0,3,female,2.0,0,1,12.2875,S,train,23-25-27,C,Miss,1,0,Non-special,0,0
481,0.0,3,male,9.0,5,2,46.9,S,train,23-25-27,C,Master,7,0,CA,1,1
482,0.0,2,male,29.881137667304014,0,0,0.0,S,train,23-25-27,C,Mr,0,1,Non-special,0,0
483,0.0,3,male,50.0,0,0,8.05,S,train,23-25-27,C,Mr,0,1,A/5,1,0
484,1.0,3,female,63.0,0,0,9.5875,S,train,23-25-27,C,Mrs,0,1,Non-special,1,0
485,1.0,1,male,25.0,1,0,91.0792,C,train,49,B,Mr,1,0,Non-special,0,1
486,0.0,3,female,29.881137667304014,3,1,25.4667,S,train,23-25-27,C,Miss,4,0,Non-special,1,1
487,1.0,1,female,35.0,1,0,90.0,S,train,93,C,Mrs,1,0,Non-special,0,1
488,0.0,1,male,58.0,0,0,29.7,C,train,37,B,Mr,0,1,Non-special,0,0
489,0.0,3,male,30.0,0,0,8.05,S,train,23-25-27,C,Mr,0,1,A5,0,0
490,1.0,3,male,9.0,1,1,15.9,S,train,23-25-27,C,Master,2,0,CA,0,1
491,0.0,3,male,29.881137667304014,1,0,19.9667,S,train,23-25-27,C,Mr,1,0,Non-special,0,0
492,0.0,3,male,21.0,0,0,7.25,S,train,23-25-27,C,Mr,0,1,SOTON/OQ,0,0
493,0.0,1,male,55.0,0,0,30.5,S,train,30,C,Mr,0,1,Non-special,0,0
494,0.0,1,male,71.0,0,0,49.5042,C,train,23-25-27,C,Mr,0,1,PC,0,0
495,0.0,3,male,21.0,0,0,8.05,S,train,23-25-27,C,Mr,0,1,A/4,0,0
496,0.0,3,male,29.881137667304014,0,0,14.4583,C,train,23-25-27,C,Mr,0,1,Non-special,1,1
497,1.0,1,female,54.0,1,0,78.2667,C,train,20,D,Miss,1,0,Non-special,0,0
498,0.0,3,male,29.881137667304014,0,0,15.1,S,train,23-25-27,C,Mr,0,1,CA,1,0
499,0.0,1,female,25.0,1,2,151.55,S,train,22-26,C,Mrs,3,0,Non-special,0,1
500,0.0,3,male,24.0,0,0,7.7958,S,train,23-25-27,C,Mr,0,1,Non-special,0,0
501,0.0,3,male,17.0,0,0,8.6625,S,train,23-25-27,C,Mr,0,1,Non-special,0,0
502,0.0,3,female,21.0,0,0,7.75,Q,train,23-25-27,C,Miss,0,1,Non-special,0,0
503,0.0,3,female,29.881137667304014,0,0,7.6292,Q,train,23-25-27,C,Miss,0,1,Non-special,0,0
504,0.0,3,female,37.0,0,0,9.5875,S,train,23-25-27,C,Miss,0,1,Non-special,1,0
505,1.0,1,female,16.0,0,0,86.5,S,train,79,B,Miss,0,1,Non-special,0,1
506,0.0,1,male,18.0,1,0,108.9,C,train,65,C,Mr,1,0,PC,0,1
507,1.0,2,female,33.0,0,2,26.0,S,train,23-25-27,C,Mrs,2,0,Non-special,0,0
508,1.0,1,male,29.881137667304014,0,0,26.55,S,train,23-25-27,C,Mr,0,1,Non-special,0,0
509,0.0,3,male,28.0,0,0,22.525,S,train,23-25-27,C,Mr,0,1,C,1,0
510,1.0,3,male,26.0,0,0,56.4958,S,train,23-25-27,C,Mr,0,1,Non-special,1,1
511,1.0,3,male,29.0,0,0,7.75,Q,train,23-25-27,C,Mr,0,1,Non-special,0,0
512,0.0,3,male,29.881137667304014,0,0,8.05,S,train,23-25-27,C,Mr,0,1,SOTON/OQ,0,0
513,1.0,1,male,36.0,0,0,26.2875,S,train,25,E,Mr,0,1,PC,0,0
514,1.0,1,female,54.0,1,0,59.4,C,train,23-25-27,C,Mrs,1,0,PC,0,0
515,0.0,3,male,24.0,0,0,7.4958,S,train,23-25-27,C,Mr,0,1,Non-special,0,0
516,0.0,1,male,47.0,0,0,34.0208,S,train,46,D,Mr,0,1,Non-special,0,0
517,1.0,2,female,34.0,0,0,10.5,S,train,33,F,Mrs,0,1,CA,0,0
518,0.0,3,male,29.881137667304014,0,0,24.15,Q,train,23-25-27,C,Mr,0,1,Non-special,0,1
519,1.0,2,female,36.0,1,0,26.0,S,train,23-25-27,C,Mrs,1,0,Non-special,0,0
520,0.0,3,male,32.0,0,0,7.8958,S,train,23-25-27,C,Mr,0,1,Non-special,0,0
521,1.0,1,female,30.0,0,0,93.5,S,train,73,B,Miss,0,1,Non-special,0,0
522,0.0,3,male,22.0,0,0,7.8958,S,train,23-25-27,C,Mr,0,1,Non-special,0,0
523,0.0,3,male,29.881137667304014,0,0,7.225,C,train,23-25-27,C,Mr,0,1,Non-special,1,0
524,1.0,1,female,44.0,0,1,57.9792,C,train,18,B,Mrs,1,0,Non-special,0,1
525,0.0,3,male,29.881137667304014,0,0,7.2292,C,train,23-25-27,C,Mr,0,1,Non-special,1,0
526,0.0,3,male,40.5,0,0,7.75,Q,train,23-25-27,C,Mr,0,1,Non-special,0,0
527,1.0,2,female,50.0,0,0,10.5,S,train,23-25-27,C,Miss,0,1,W/C,0,0
528,0.0,1,male,29.881137667304014,0,0,221.7792,S,train,95,C,Mr,0,1,PC,0,0
529,0.0,3,male,39.0,0,0,7.925,S,train,23-25-27,C,Mr,0,1,Non-special,0,0
530,0.0,2,male,23.0,2,1,11.5,S,train,23-25-27,C,Mr,3,0,Non-special,0,0
531,1.0,2,female,2.0,1,1,26.0,S,train,23-25-27,C,Miss,2,0,Non-special,0,1
532,0.0,3,male,29.881137667304014,0,0,7.2292,C,train,23-25-27,C,Mr,0,1,Non-special,1,0
533,0.0,3,male,17.0,1,1,7.2292,C,train,23-25-27,C,Mr,2,0,Non-special,1,0
534,1.0,3,female,29.881137667304014,0,2,22.3583,C,train,23-25-27,C,Mrs,2,0,Non-special,1,1
535,0.0,3,female,30.0,0,0,8.6625,S,train,23-25-27,C,Miss,0,1,Non-special,0,0
536,1.0,2,female,7.0,0,2,26.25,S,train,23-25-27,C,Miss,2,0,FCC,0,1
537,0.0,1,male,45.0,0,0,26.55,S,train,38,B,Major,0,1,Non-special,0,0
538,1.0,1,female,30.0,0,0,106.425,C,train,23-25-27,C,Miss,0,1,PC,0,0
539,0.0,3,male,29.881137667304014,0,0,14.5,S,train,23-25-27,C,Mr,0,1,Non-special,0,0
540,1.0,1,female,22.0,0,2,49.5,C,train,39,B,Miss,2,0,Non-special,0,0
541,1.0,1,female,36.0,0,2,71.0,S,train,22,B,Miss,2,0,WE/P,1,0
542,0.0,3,female,9.0,4,2,31.275,S,train,23-25-27,C,Miss,6,0,Non-special,0,1
543,0.0,3,female,11.0,4,2,31.275,S,train,23-25-27,C,Miss,6,0,Non-special,0,1
544,1.0,2,male,32.0,1,0,26.0,S,train,23-25-27,C,Mr,1,0,Non-special,1,0
545,0.0,1,male,50.0,1,0,106.425,C,train,86,C,Mr,1,0,PC,0,1
546,0.0,1,male,64.0,0,0,26.0,S,train,23-25-27,C,Mr,0,1,Non-special,1,0
547,1.0,2,female,19.0,1,0,26.0,S,train,23-25-27,C,Mrs,1,0,Non-special,1,1
548,1.0,2,male,29.881137667304014,0,0,13.8625,C,train,23-25-27,C,Mr,0,1,SC/PARIS,1,0
549,0.0,3,male,33.0,1,1,20.525,S,train,23-25-27,C,Mr,2,0,Non-special,0,1
550,1.0,2,male,8.0,1,1,36.75,S,train,23-25-27,C,Master,2,0,CA,0,1
551,1.0,1,male,17.0,0,2,110.8833,C,train,70,C,Mr,2,0,Non-special,0,1
552,0.0,2,male,27.0,0,0,26.0,S,train,23-25-27,C,Mr,0,1,Non-special,0,0
553,0.0,3,male,29.881137667304014,0,0,7.8292,Q,train,23-25-27,C,Mr,0,1,Non-special,0,0
554,1.0,3,male,22.0,0,0,7.225,C,train,23-25-27,C,Mr,0,1,Non-special,1,0
555,1.0,3,female,22.0,0,0,7.775,S,train,23-25-27,C,Miss,0,1,Non-special,0,0
556,0.0,1,male,62.0,0,0,26.55,S,train,23-25-27,C,Mr,0,1,Non-special,0,0
557,1.0,1,female,48.0,1,0,39.6,C,train,16,A,Lady,1,0,Non-special,0,0
558,0.0,1,male,29.881137667304014,0,0,227.525,C,train,23-25-27,C,Mr,0,1,PC,0,1
559,1.0,1,female,39.0,1,1,79.65,S,train,67,E,Mrs,2,0,Non-special,0,1
560,1.0,3,female,36.0,1,0,17.4,S,train,23-25-27,C,Mrs,1,0,Non-special,0,0
561,0.0,3,male,29.881137667304014,0,0,7.75,Q,train,23-25-27,C,Mr,0,1,Non-special,0,0
562,0.0,3,male,40.0,0,0,7.8958,S,train,23-25-27,C,Mr,0,1,Non-special,0,0
563,0.0,2,male,28.0,0,0,13.5,S,train,23-25-27,C,Mr,0,1,Non-special,0,0
564,0.0,3,male,29.881137667304014,0,0,8.05,S,train,23-25-27,C,Mr,0,1,SOTON/OQ,0,0
565,0.0,3,female,29.881137667304014,0,0,8.05,S,train,23-25-27,C,Miss,0,1,SOTON/OQ,0,0
566,0.0,3,male,24.0,2,0,24.15,S,train,23-25-27,C,Mr,2,0,A/4,0,0
567,0.0,3,male,19.0,0,0,7.8958,S,train,23-25-27,C,Mr,0,1,Non-special,0,0
568,0.0,3,female,29.0,0,4,21.075,S,train,23-25-27,C,Mrs,4,0,Non-special,0,1
569,0.0,3,male,29.881137667304014,0,0,7.2292,C,train,23-25-27,C,Mr,0,1,Non-special,1,0
570,1.0,3,male,32.0,0,0,7.8542,S,train,23-25-27,C,Mr,0,1,Non-special,0,0
571,1.0,2,male,62.0,0,0,10.5,S,train,23-25-27,C,Mr,0,1,SW/PP,1,0
572,1.0,1,female,53.0,2,0,51.4792,S,train,101,C,Mrs,2,0,Non-special,0,0
573,1.0,1,male,36.0,0,0,26.3875,S,train,25,E,Mr,0,1,PC,0,0
574,1.0,3,female,29.881137667304014,0,0,7.75,Q,train,23-25-27,C,Miss,0,1,Non-special,0,0
575,0.0,3,male,16.0,0,0,8.05,S,train,23-25-27,C,Mr,0,1,A/4,0,0
576,0.0,3,male,19.0,0,0,14.5,S,train,23-25-27,C,Mr,0,1,Non-special,0,0
577,1.0,2,female,34.0,0,0,13.0,S,train,23-25-27,C,Miss,0,1,Non-special,0,0
578,1.0,1,female,39.0,1,0,55.9,S,train,44,E,Mrs,1,0,Non-special,0,1
579,0.0,3,female,29.881137667304014,1,0,14.4583,C,train,23-25-27,C,Mrs,1,0,Non-special,1,0
580,1.0,3,male,32.0,0,0,7.925,S,train,23-25-27,C,Mr,0,1,STON/O,0,0
581,1.0,2,female,25.0,1,1,30.0,S,train,23-25-27,C,Miss,2,0,Non-special,0,0
582,1.0,1,female,39.0,1,1,110.8833,C,train,68,C,Mrs,2,0,Non-special,0,1
583,0.0,2,male,54.0,0,0,26.0,S,train,23-25-27,C,Mr,0,1,Non-special,0,1
584,0.0,1,male,36.0,0,0,40.125,C,train,10,A,Mr,0,1,Non-special,0,0
585,0.0,3,male,29.881137667304014,0,0,8.7125,C,train,23-25-27,C,Mr,0,1,Non-special,1,0
586,1.0,1,female,18.0,0,2,79.65,S,train,68,E,Miss,2,0,Non-special,0,1
587,0.0,2,male,47.0,0,0,15.0,S,train,23-25-27,C,Mr,0,1,Non-special,0,0
588,1.0,1,male,60.0,1,1,79.2,C,train,41,B,Mr,2,0,Non-special,0,0
589,0.0,3,male,22.0,0,0,8.05,S,train,23-25-27,C,Mr,0,1,Non-special,0,0
590,0.0,3,male,29.881137667304014,0,0,8.05,S,train,23-25-27,C,Mr,0,1,A/5,1,0
591,0.0,3,male,35.0,0,0,7.125,S,train,23-25-27,C,Mr,0,1,STON/O,0,0
592,1.0,1,female,52.0,1,0,78.2667,C,train,20,D,Mrs,1,0,Non-special,0,1
593,0.0,3,male,47.0,0,0,7.25,S,train,23-25-27,C,Mr,0,1,A/5,1,0
594,0.0,3,female,29.881137667304014,0,2,7.75,Q,train,23-25-27,C,Miss,2,0,Non-special,0,0
595,0.0,2,male,37.0,1,0,26.0,S,train,23-25-27,C,Mr,1,0,SC/AH,0,0
596,0.0,3,male,36.0,1,1,24.15,S,train,23-25-27,C,Mr,2,0,Non-special,0,1
597,1.0,2,female,29.881137667304014,0,0,33.0,S,train,23-25-27,C,Miss,0,1,Non-special,0,0
598,0.0,3,male,49.0,0,0,0.0,S,train,23-25-27,C,Mr,0,1,LINE,1,1
599,0.0,3,male,29.881137667304014,0,0,7.225,C,train,23-25-27,C,Mr,0,1,Non-special,1,0
600,1.0,1,male,49.0,1,0,56.9292,C,train,20,A,Sir,1,0,PC,0,1
601,1.0,2,female,24.0,2,1,27.0,S,train,23-25-27,C,Mrs,3,0,Non-special,0,1
602,0.0,3,male,29.881137667304014,0,0,7.8958,S,train,23-25-27,C,Mr,0,1,Non-special,0,0
603,0.0,1,male,29.881137667304014,0,0,42.4,S,train,23-25-27,C,Mr,0,1,Non-special,0,0
604,0.0,3,male,44.0,0,0,8.05,S,train,23-25-27,C,Mr,0,1,Non-special,0,0
605,1.0,1,male,35.0,0,0,26.55,C,train,23-25-27,C,Mr,0,1,Non-special,0,0
606,0.0,3,male,36.0,1,0,15.55,S,train,23-25-27,C,Mr,1,0,Non-special,0,0
607,0.0,3,male,30.0,0,0,7.8958,S,train,23-25-27,C,Mr,0,1,Non-special,0,0
608,1.0,1,male,27.0,0,0,30.5,S,train,23-25-27,C,Mr,0,1,Non-special,0,0
609,1.0,2,female,22.0,1,2,41.5792,C,train,23-25-27,C,Mrs,3,0,SC/Paris,1,1
610,1.0,1,female,40.0,0,0,153.4625,S,train,125,C,Miss,0,1,PC,0,1
611,0.0,3,female,39.0,1,5,31.275,S,train,23-25-27,C,Mrs,6,0,Non-special,0,1
612,0.0,3,male,29.881137667304014,0,0,7.05,S,train,23-25-27,C,Mr,0,1,SOTON/OQ,0,0
613,1.0,3,female,29.881137667304014,1,0,15.5,Q,train,23-25-27,C,Miss,1,0,Non-special,0,1
614,0.0,3,male,29.881137667304014,0,0,7.75,Q,train,23-25-27,C,Mr,0,1,Non-special,0,0
615,0.0,3,male,35.0,0,0,8.05,S,train,23-25-27,C,Mr,0,1,Non-special,0,0
616,1.0,2,female,24.0,1,2,65.0,S,train,23-25-27,C,Miss,3,0,Non-special,0,0
617,0.0,3,male,34.0,1,1,14.4,S,train,23-25-27,C,Mr,2,0,Non-special,0,1
618,0.0,3,female,26.0,1,0,16.1,S,train,23-25-27,C,Mrs,1,0,A/5,1,1
619,1.0,2,female,4.0,2,1,39.0,S,train,4,F,Miss,3,0,Non-special,0,1
620,0.0,2,male,26.0,0,0,10.5,S,train,23-25-27,C,Mr,0,1,Non-special,0,0
621,0.0,3,male,27.0,1,0,14.4542,C,train,23-25-27,C,Mr,1,0,Non-special,1,0
622,1.0,1,male,42.0,1,0,52.5542,S,train,19,D,Mr,1,0,Non-special,0,0
623,1.0,3,male,20.0,1,1,15.7417,C,train,23-25-27,C,Mr,2,0,Non-special,1,1
624,0.0,3,male,21.0,0,0,7.8542,S,train,23-25-27,C,Mr,0,1,Non-special,0,0
625,0.0,3,male,21.0,0,0,16.1,S,train,23-25-27,C,Mr,0,1,Non-special,0,0
626,0.0,1,male,61.0,0,0,32.3208,S,train,50,D,Mr,0,1,Non-special,0,0
627,0.0,2,male,57.0,0,0,12.35,Q,train,23-25-27,C,Rev,0,1,Non-special,0,0
628,1.0,1,female,21.0,0,0,77.9583,S,train,9,D,Miss,0,1,Non-special,0,1
629,0.0,3,male,26.0,0,0,7.8958,S,train,23-25-27,C,Mr,0,1,Non-special,0,0
630,0.0,3,male,29.881137667304014,0,0,7.7333,Q,train,23-25-27,C,Mr,0,1,Non-special,0,0
631,1.0,1,male,80.0,0,0,30.0,S,train,23,A,Mr,0,1,Non-special,0,0
632,0.0,3,male,51.0,0,0,7.0542,S,train,23-25-27,C,Mr,0,1,Non-special,0,0
633,1.0,1,male,32.0,0,0,30.5,C,train,50,B,Dr,0,1,Non-special,0,0
634,0.0,1,male,29.881137667304014,0,0,0.0,S,train,23-25-27,C,Mr,0,1,Non-special,0,0
635,0.0,3,female,9.0,3,2,27.9,S,train,23-25-27,C,Miss,5,0,Non-special,0,1
636,1.0,2,female,28.0,0,0,13.0,S,train,23-25-27,C,Miss,0,1,Non-special,0,0
637,0.0,3,male,32.0,0,0,7.925,S,train,23-25-27,C,Mr,0,1,STON/O,0,0
638,0.0,2,male,31.0,1,1,26.25,S,train,23-25-27,C,Mr,2,0,CA,0,1
639,0.0,3,female,41.0,0,5,39.6875,S,train,23-25-27,C,Mrs,5,0,Non-special,0,1
640,0.0,3,male,29.881137667304014,1,0,16.1,S,train,23-25-27,C,Mr,1,0,Non-special,0,1
641,0.0,3,male,20.0,0,0,7.8542,S,train,23-25-27,C,Mr,0,1,Non-special,0,0
642,1.0,1,female,24.0,0,0,69.3,C,train,35,B,Mlle,0,1,PC,0,1
643,0.0,3,female,2.0,3,2,27.9,S,train,23-25-27,C,Miss,5,0,Non-special,0,1
644,1.0,3,male,29.881137667304014,0,0,56.4958,S,train,23-25-27,C,Mr,0,1,Non-special,1,1
645,1.0,3,female,0.75,2,1,19.2583,C,train,23-25-27,C,Miss,3,0,Non-special,1,1
646,1.0,1,male,48.0,1,0,76.7292,C,train,33,D,Mr,1,0,PC,0,1
647,0.0,3,male,19.0,0,0,7.8958,S,train,23-25-27,C,Mr,0,1,Non-special,0,0
648,1.0,1,male,56.0,0,0,35.5,C,train,26,A,Col,0,1,Non-special,0,0
649,0.0,3,male,29.881137667304014,0,0,7.55,S,train,23-25-27,C,Mr,0,1,SO/PP,1,0
650,1.0,3,female,23.0,0,0,7.55,S,train,23-25-27,C,Miss,0,1,CA,1,0
651,0.0,3,male,29.881137667304014,0,0,7.8958,S,train,23-25-27,C,Mr,0,1,Non-special,0,0
652,1.0,2,female,18.0,0,1,23.0,S,train,23-25-27,C,Miss,1,0,Non-special,0,1
653,0.0,3,male,21.0,0,0,8.4333,S,train,23-25-27,C,Mr,0,1,Non-special,1,0
654,1.0,3,female,29.881137667304014,0,0,7.8292,Q,train,23-25-27,C,Miss,0,1,Non-special,0,0
655,0.0,3,female,18.0,0,0,6.75,Q,train,23-25-27,C,Miss,0,1,Non-special,0,0
656,0.0,2,male,24.0,2,0,73.5,S,train,23-25-27,C,Mr,2,0,SOC,0,1
657,0.0,3,male,29.881137667304014,0,0,7.8958,S,train,23-25-27,C,Mr,0,1,Non-special,0,0
658,0.0,3,female,32.0,1,1,15.5,Q,train,23-25-27,C,Mrs,2,0,Non-special,0,1
659,0.0,2,male,23.0,0,0,13.0,S,train,23-25-27,C,Mr,0,1,Non-special,0,0
660,0.0,1,male,58.0,0,2,113.275,C,train,48,D,Mr,2,0,Non-special,0,1
661,1.0,1,male,50.0,2,0,133.65,S,train,23-25-27,C,Dr,2,0,PC,0,1
662,0.0,3,male,40.0,0,0,7.225,C,train,23-25-27,C,Mr,0,1,Non-special,1,0
663,0.0,1,male,47.0,0,0,25.5875,S,train,58,E,Mr,0,1,Non-special,1,0
664,0.0,3,male,36.0,0,0,7.4958,S,train,23-25-27,C,Mr,0,1,Non-special,0,0
665,1.0,3,male,20.0,1,0,7.925,S,train,23-25-27,C,Mr,1,0,STON/O,0,0
666,0.0,2,male,32.0,2,0,73.5,S,train,23-25-27,C,Mr,2,0,SOC,0,1
667,0.0,2,male,25.0,0,0,13.0,S,train,23-25-27,C,Mr,0,1,Non-special,0,0
668,0.0,3,male,29.881137667304014,0,0,7.775,S,train,23-25-27,C,Mr,0,1,Non-special,0,0
669,0.0,3,male,43.0,0,0,8.05,S,train,23-25-27,C,Mr,0,1,A/5,1,0
670,1.0,1,female,29.881137667304014,1,0,52.0,S,train,126,C,Mrs,1,0,Non-special,0,0
671,1.0,2,female,40.0,1,1,39.0,S,train,23-25-27,C,Mrs,2,0,Non-special,0,0
672,0.0,1,male,31.0,1,0,52.0,S,train,71,B,Mr,1,0,FC,0,0
673,0.0,2,male,70.0,0,0,10.5,S,train,23-25-27,C,Mr,0,1,CA,0,0
674,1.0,2,male,31.0,0,0,13.0,S,train,23-25-27,C,Mr,0,1,Non-special,0,0
675,0.0,2,male,29.881137667304014,0,0,0.0,S,train,23-25-27,C,Mr,0,1,Non-special,0,0
676,0.0,3,male,18.0,0,0,7.775,S,train,23-25-27,C,Mr,0,1,Non-special,0,0
677,0.0,3,male,24.5,0,0,8.05,S,train,23-25-27,C,Mr,0,1,Non-special,0,0
678,1.0,3,female,18.0,0,0,9.8417,S,train,23-25-27,C,Miss,0,1,Non-special,1,0
679,0.0,3,female,43.0,1,6,46.9,S,train,23-25-27,C,Mrs,7,0,CA,1,1
680,1.0,1,male,36.0,0,1,512.3292,C,train,51-53-55,B,Mr,1,0,PC,0,1
681,0.0,3,female,29.881137667304014,0,0,8.1375,Q,train,23-25-27,C,Miss,0,1,Non-special,0,0
682,1.0,1,male,27.0,0,0,76.7292,C,train,49,D,Mr,0,1,PC,0,1
683,0.0,3,male,20.0,0,0,9.225,S,train,23-25-27,C,Mr,0,1,Non-special,1,0
684,0.0,3,male,14.0,5,2,46.9,S,train,23-25-27,C,Mr,7,0,CA,1,1
685,0.0,2,male,60.0,1,1,39.0,S,train,23-25-27,C,Mr,2,0,Non-special,0,1
686,0.0,2,male,25.0,1,2,41.5792,C,train,23-25-27,C,Mr,3,0,SC/Paris,1,1
687,0.0,3,male,14.0,4,1,39.6875,S,train,23-25-27,C,Mr,5,0,Non-special,0,1
688,0.0,3,male,19.0,0,0,10.1708,S,train,23-25-27,C,Mr,0,1,Non-special,0,0
689,0.0,3,male,18.0,0,0,7.7958,S,train,23-25-27,C,Mr,0,1,Non-special,0,0
690,1.0,1,female,15.0,0,1,211.3375,S,train,5,B,Miss,1,0,Non-special,0,0
691,1.0,1,male,31.0,1,0,57.0,S,train,20,B,Mr,1,0,Non-special,0,0
692,1.0,3,female,4.0,0,1,13.4167,C,train,23-25-27,C,Miss,1,0,Non-special,0,0
693,1.0,3,male,29.881137667304014,0,0,56.4958,S,train,23-25-27,C,Mr,0,1,Non-special,1,1
694,0.0,3,male,25.0,0,0,7.225,C,train,23-25-27,C,Mr,0,1,Non-special,1,0
695,0.0,1,male,60.0,0,0,26.55,S,train,23-25-27,C,Col,0,1,Non-special,0,0
696,0.0,2,male,52.0,0,0,13.5,S,train,23-25-27,C,Mr,0,1,Non-special,0,0
697,0.0,3,male,44.0,0,0,8.05,S,train,23-25-27,C,Mr,0,1,Non-special,0,0
698,1.0,3,female,29.881137667304014,0,0,7.7333,Q,train,23-25-27,C,Miss,0,1,Non-special,0,0
699,0.0,1,male,49.0,1,1,110.8833,C,train,68,C,Mr,2,0,Non-special,0,1
700,0.0,3,male,42.0,0,0,7.65,S,train,63,F-G,Mr,0,1,Non-special,0,0
701,1.0,1,female,18.0,1,0,227.525,C,train,62-64,C,Mrs,1,0,PC,0,1
702,1.0,1,male,35.0,0,0,26.2875,S,train,24,E,Mr,0,1,PC,0,0
703,0.0,3,female,18.0,0,1,14.4542,C,train,23-25-27,C,Miss,1,0,Non-special,1,1
704,0.0,3,male,25.0,0,0,7.7417,Q,train,23-25-27,C,Mr,0,1,Non-special,0,0
705,0.0,3,male,26.0,1,0,7.8542,S,train,23-25-27,C,Mr,1,0,Non-special,0,0
706,0.0,2,male,39.0,0,0,26.0,S,train,23-25-27,C,Mr,0,1,Non-special,0,1
707,1.0,2,female,45.0,0,0,13.5,S,train,23-25-27,C,Mrs,0,1,Non-special,0,0
708,1.0,1,male,42.0,0,0,26.2875,S,train,24,E,Mr,0,1,PC,0,0
709,1.0,1,female,22.0,0,0,151.55,S,train,23-25-27,C,Miss,0,1,Non-special,0,1
710,1.0,3,male,29.881137667304014,1,1,15.2458,C,train,23-25-27,C,Master,2,0,Non-special,1,1
711,1.0,1,female,24.0,0,0,49.5042,C,train,90,C,Mlle,0,1,PC,0,0
712,0.0,1,male,29.881137667304014,0,0,26.55,S,train,124,C,Mr,0,1,Non-special,0,0
713,1.0,1,male,48.0,1,0,52.0,S,train,126,C,Mr,1,0,Non-special,0,1
714,0.0,3,male,29.0,0,0,9.4833,S,train,23-25-27,C,Mr,0,1,Non-special,1,0
715,0.0,2,male,52.0,0,0,13.0,S,train,23-25-27,C,Mr,0,1,Non-special,0,0
716,0.0,3,male,19.0,0,0,7.65,S,train,73,F-G,Mr,0,1,Non-special,0,0
717,1.0,1,female,38.0,0,0,227.525,C,train,45,C,Miss,0,1,PC,0,1
718,1.0,2,female,27.0,0,0,10.5,S,train,101,E,Miss,0,1,Non-special,0,0
719,0.0,3,male,29.881137667304014,0,0,15.5,Q,train,23-25-27,C,Mr,0,1,Non-special,0,0
720,0.0,3,male,33.0,0,0,7.775,S,train,23-25-27,C,Mr,0,1,Non-special,0,0
721,1.0,2,female,6.0,0,1,33.0,S,train,23-25-27,C,Miss,1,0,Non-special,0,1
722,0.0,3,male,17.0,1,0,7.0542,S,train,23-25-27,C,Mr,1,0,Non-special,0,0
723,0.0,2,male,34.0,0,0,13.0,S,train,23-25-27,C,Mr,0,1,Non-special,0,0
724,0.0,2,male,50.0,0,0,13.0,S,train,23-25-27,C,Mr,0,1,Non-special,0,0
725,1.0,1,male,27.0,1,0,53.1,S,train,8,E,Mr,1,0,Non-special,0,0
726,0.0,3,male,20.0,0,0,8.6625,S,train,23-25-27,C,Mr,0,1,Non-special,0,0
727,1.0,2,female,30.0,3,0,21.0,S,train,23-25-27,C,Mrs,3,0,Non-special,0,1
728,1.0,3,female,29.881137667304014,0,0,7.7375,Q,train,23-25-27,C,Miss,0,1,Non-special,0,0
729,0.0,2,male,25.0,1,0,26.0,S,train,23-25-27,C,Mr,1,0,Non-special,0,0
730,0.0,3,female,25.0,1,0,7.925,S,train,23-25-27,C,Miss,1,0,STON/O2,0,0
731,1.0,1,female,29.0,0,0,211.3375,S,train,5,B,Miss,0,1,Non-special,0,1
732,0.0,3,male,11.0,0,0,18.7875,C,train,23-25-27,C,Mr,0,1,Non-special,1,1
733,0.0,2,male,29.881137667304014,0,0,0.0,S,train,23-25-27,C,Mr,0,1,Non-special,0,0
734,0.0,2,male,23.0,0,0,13.0,S,train,23-25-27,C,Mr,0,1,Non-special,0,0
735,0.0,2,male,23.0,0,0,13.0,S,train,23-25-27,C,Mr,0,1,Non-special,0,0
736,0.0,3,male,28.5,0,0,16.1,S,train,23-25-27,C,Mr,0,1,Non-special,0,1
737,0.0,3,female,48.0,1,3,34.375,S,train,23-25-27,C,Mrs,4,0,W/C,1,1
738,1.0,1,male,35.0,0,0,512.3292,C,train,101,B,Mr,0,1,PC,0,1
739,0.0,3,male,29.881137667304014,0,0,7.8958,S,train,23-25-27,C,Mr,0,1,Non-special,0,0
740,0.0,3,male,29.881137667304014,0,0,7.8958,S,train,23-25-27,C,Mr,0,1,Non-special,0,0
741,1.0,1,male,29.881137667304014,0,0,30.0,S,train,45,D,Mr,0,1,Non-special,0,0
742,0.0,1,male,36.0,1,0,78.85,S,train,46,C,Mr,1,0,Non-special,0,1
743,1.0,1,female,21.0,2,2,262.375,C,train,57-59-63-66,B,Miss,4,0,PC,0,1
744,0.0,3,male,24.0,1,0,16.1,S,train,23-25-27,C,Mr,1,0,Non-special,0,0
745,1.0,3,male,31.0,0,0,7.925,S,train,23-25-27,C,Mr,0,1,STON/O,0,0
746,0.0,1,male,70.0,1,1,71.0,S,train,22,B,Capt,2,0,WE/P,1,1
747,0.0,3,male,16.0,1,1,20.25,S,train,23-25-27,C,Mr,2,0,CA,1,1
748,1.0,2,female,30.0,0,0,13.0,S,train,23-25-27,C,Miss,0,1,Non-special,0,0
749,0.0,1,male,19.0,1,0,53.1,S,train,30,D,Mr,1,0,Non-special,0,0
750,0.0,3,male,31.0,0,0,7.75,Q,train,23-25-27,C,Mr,0,1,Non-special,0,0
751,1.0,2,female,4.0,1,1,23.0,S,train,23-25-27,C,Miss,2,0,Non-special,0,0
752,1.0,3,male,6.0,0,1,12.475,S,train,121,E,Master,1,0,Non-special,0,0
753,0.0,3,male,33.0,0,0,9.5,S,train,23-25-27,C,Mr,0,1,Non-special,0,0
754,0.0,3,male,23.0,0,0,7.8958,S,train,23-25-27,C,Mr,0,1,Non-special,0,0
755,1.0,2,female,48.0,1,2,65.0,S,train,23-25-27,C,Mrs,3,0,Non-special,0,1
756,1.0,2,male,0.67,1,1,14.5,S,train,23-25-27,C,Master,2,0,Non-special,0,1
757,0.0,3,male,28.0,0,0,7.7958,S,train,23-25-27,C,Mr,0,1,Non-special,0,0
758,0.0,2,male,18.0,0,0,11.5,S,train,23-25-27,C,Mr,0,1,Non-special,0,0
759,0.0,3,male,34.0,0,0,8.05,S,train,23-25-27,C,Mr,0,1,Non-special,0,0
760,1.0,1,female,33.0,0,0,86.5,S,train,77,B,the Countess,0,1,Non-special,0,1
761,0.0,3,male,29.881137667304014,0,0,14.5,S,train,23-25-27,C,Mr,0,1,Non-special,0,1
762,0.0,3,male,41.0,0,0,7.125,S,train,23-25-27,C,Mr,0,1,SOTON/O2,0,0
763,1.0,3,male,20.0,0,0,7.2292,C,train,23-25-27,C,Mr,0,1,Non-special,1,0
764,1.0,1,female,36.0,1,2,120.0,S,train,96-98,B,Mrs,3,0,Non-special,0,1
765,0.0,3,male,16.0,0,0,7.775,S,train,23-25-27,C,Mr,0,1,Non-special,0,0
766,1.0,1,female,51.0,1,0,77.9583,S,train,11,D,Mrs,1,0,Non-special,0,1
767,0.0,1,male,29.881137667304014,0,0,39.6,C,train,23-25-27,C,Dr,0,1,Non-special,0,0
768,0.0,3,female,30.5,0,0,7.75,Q,train,23-25-27,C,Miss,0,1,Non-special,0,0
769,0.0,3,male,29.881137667304014,1,0,24.15,Q,train,23-25-27,C,Mr,1,0,Non-special,0,1
770,0.0,3,male,32.0,0,0,8.3625,S,train,23-25-27,C,Mr,0,1,Non-special,1,0
771,0.0,3,male,24.0,0,0,9.5,S,train,23-25-27,C,Mr,0,1,Non-special,0,0
772,0.0,3,male,48.0,0,0,7.8542,S,train,23-25-27,C,Mr,0,1,Non-special,0,0
773,0.0,2,female,57.0,0,0,10.5,S,train,77,E,Mrs,0,1,SO/PP,0,0
774,0.0,3,male,29.881137667304014,0,0,7.225,C,train,23-25-27,C,Mr,0,1,Non-special,1,0
775,1.0,2,female,54.0,1,3,23.0,S,train,23-25-27,C,Mrs,4,0,Non-special,0,0
776,0.0,3,male,18.0,0,0,7.75,S,train,23-25-27,C,Mr,0,1,Non-special,0,0
777,0.0,3,male,29.881137667304014,0,0,7.75,Q,train,38,F,Mr,0,1,Non-special,0,0
778,1.0,3,female,5.0,0,0,12.475,S,train,23-25-27,C,Miss,0,1,Non-special,0,1
779,0.0,3,male,29.881137667304014,0,0,7.7375,Q,train,23-25-27,C,Mr,0,1,Non-special,0,0
780,1.0,1,female,43.0,0,1,211.3375,S,train,3,B,Mrs,1,0,Non-special,0,1
781,1.0,3,female,13.0,0,0,7.2292,C,train,23-25-27,C,Miss,0,1,Non-special,1,0
782,1.0,1,female,17.0,1,0,57.0,S,train,20,B,Mrs,1,0,Non-special,0,1
783,0.0,1,male,29.0,0,0,30.0,S,train,6,D,Mr,0,1,Non-special,0,0
784,0.0,3,male,29.881137667304014,1,2,23.45,S,train,23-25-27,C,Mr,3,0,W/C,1,0
785,0.0,3,male,25.0,0,0,7.05,S,train,23-25-27,C,Mr,0,1,SOTON/OQ,0,0
786,0.0,3,male,25.0,0,0,7.25,S,train,23-25-27,C,Mr,0,1,Non-special,0,0
787,1.0,3,female,18.0,0,0,7.4958,S,train,23-25-27,C,Miss,0,1,Non-special,0,0
788,0.0,3,male,8.0,4,1,29.125,Q,train,23-25-27,C,Master,5,0,Non-special,0,1
789,1.0,3,male,1.0,1,2,20.575,S,train,23-25-27,C,Master,3,0,CA,1,1
790,0.0,1,male,46.0,0,0,79.2,C,train,82-84,B,Mr,0,1,PC,0,1
791,0.0,3,male,29.881137667304014,0,0,7.75,Q,train,23-25-27,C,Mr,0,1,Non-special,0,0
792,0.0,2,male,16.0,0,0,26.0,S,train,23-25-27,C,Mr,0,1,Non-special,0,1
793,0.0,3,female,29.881137667304014,8,2,69.55,S,train,23-25-27,C,Miss,10,0,CA,1,1
794,0.0,1,male,29.881137667304014,0,0,30.6958,C,train,23-25-27,C,Mr,0,1,PC,0,0
795,0.0,3,male,25.0,0,0,7.8958,S,train,23-25-27,C,Mr,0,1,Non-special,0,0
796,0.0,2,male,39.0,0,0,13.0,S,train,23-25-27,C,Mr,0,1,Non-special,0,0
797,1.0,1,female,49.0,0,0,25.9292,S,train,17,D,Dr,0,1,Non-special,0,0
798,1.0,3,female,31.0,0,0,8.6833,S,train,23-25-27,C,Mrs,0,1,Non-special,0,0
799,0.0,3,male,30.0,0,0,7.2292,C,train,23-25-27,C,Mr,0,1,Non-special,1,0
800,0.0,3,female,30.0,1,1,24.15,S,train,23-25-27,C,Mrs,2,0,Non-special,0,1
801,0.0,2,male,34.0,0,0,13.0,S,train,23-25-27,C,Mr,0,1,Non-special,0,1
802,1.0,2,female,31.0,1,1,26.25,S,train,23-25-27,C,Mrs,2,0,CA,0,1
803,1.0,1,male,11.0,1,2,120.0,S,train,96-98,B,Master,3,0,Non-special,0,1
804,1.0,3,male,0.42,0,1,8.5167,C,train,23-25-27,C,Master,1,0,Non-special,1,0
805,1.0,3,male,27.0,0,0,6.975,S,train,23-25-27,C,Mr,0,1,Non-special,0,0
806,0.0,3,male,31.0,0,0,7.775,S,train,23-25-27,C,Mr,0,1,Non-special,0,0
807,0.0,1,male,39.0,0,0,0.0,S,train,36,A,Mr,0,1,Non-special,0,0
808,0.0,3,female,18.0,0,0,7.775,S,train,23-25-27,C,Miss,0,1,Non-special,0,0
809,0.0,2,male,39.0,0,0,13.0,S,train,23-25-27,C,Mr,0,1,Non-special,0,0
810,1.0,1,female,33.0,1,0,53.1,S,train,8,E,Mrs,1,0,Non-special,0,1
811,0.0,3,male,26.0,0,0,7.8875,S,train,23-25-27,C,Mr,0,1,Non-special,1,0
812,0.0,3,male,39.0,0,0,24.15,S,train,23-25-27,C,Mr,0,1,A/4,0,1
813,0.0,2,male,35.0,0,0,10.5,S,train,23-25-27,C,Mr,0,1,Non-special,0,0
814,0.0,3,female,6.0,4,2,31.275,S,train,23-25-27,C,Miss,6,0,Non-special,0,1
815,0.0,3,male,30.5,0,0,8.05,S,train,23-25-27,C,Mr,0,1,Non-special,0,0
816,0.0,1,male,29.881137667304014,0,0,0.0,S,train,102,B,Mr,0,1,Non-special,0,0
817,0.0,3,female,23.0,0,0,7.925,S,train,23-25-27,C,Miss,0,1,STON/O2,0,0
818,0.0,2,male,31.0,1,1,37.0042,C,train,23-25-27,C,Mr,2,0,SC/PARIS,1,0
819,0.0,3,male,43.0,0,0,6.45,S,train,23-25-27,C,Mr,0,1,C,1,0
820,0.0,3,male,10.0,3,2,27.9,S,train,23-25-27,C,Master,5,0,Non-special,0,1
821,1.0,1,female,52.0,1,1,93.5,S,train,69,B,Mrs,2,0,Non-special,0,1
822,1.0,3,male,27.0,0,0,8.6625,S,train,23-25-27,C,Mr,0,1,Non-special,0,0
823,0.0,1,male,38.0,0,0,0.0,S,train,23-25-27,C,Jonkheer,0,1,Non-special,0,0
824,1.0,3,female,27.0,0,1,12.475,S,train,121,E,Mrs,1,0,Non-special,0,1
825,0.0,3,male,2.0,4,1,39.6875,S,train,23-25-27,C,Master,5,0,Non-special,0,1
826,0.0,3,male,29.881137667304014,0,0,6.95,Q,train,23-25-27,C,Mr,0,1,Non-special,0,0
827,0.0,3,male,29.881137667304014,0,0,56.4958,S,train,23-25-27,C,Mr,0,1,Non-special,1,1
828,1.0,2,male,1.0,0,2,37.0042,C,train,23-25-27,C,Master,2,0,SC/PARIS,1,1
829,1.0,3,male,29.881137667304014,0,0,7.75,Q,train,23-25-27,C,Mr,0,1,Non-special,0,0
830,1.0,1,female,62.0,0,0,80.0,,train,28,B,Mrs,0,1,Non-special,0,1
831,1.0,3,female,15.0,1,0,14.4542,C,train,23-25-27,C,Mrs,1,0,Non-special,1,1
832,1.0,2,male,0.83,1,1,18.75,S,train,23-25-27,C,Master,2,0,Non-special,0,1
833,0.0,3,male,29.881137667304014,0,0,7.2292,C,train,23-25-27,C,Mr,0,1,Non-special,1,0
834,0.0,3,male,23.0,0,0,7.8542,S,train,23-25-27,C,Mr,0,1,Non-special,0,0
835,0.0,3,male,18.0,0,0,8.3,S,train,23-25-27,C,Mr,0,1,Non-special,1,0
836,1.0,1,female,39.0,1,1,83.1583,C,train,49,E,Miss,2,0,PC,0,0
837,0.0,3,male,21.0,0,0,8.6625,S,train,23-25-27,C,Mr,0,1,Non-special,0,0
838,0.0,3,male,29.881137667304014,0,0,8.05,S,train,23-25-27,C,Mr,0,1,Non-special,0,0
839,1.0,3,male,32.0,0,0,56.4958,S,train,23-25-27,C,Mr,0,1,Non-special,1,1
840,1.0,1,male,29.881137667304014,0,0,29.7,C,train,47,C,Mr,0,1,Non-special,0,0
841,0.0,3,male,20.0,0,0,7.925,S,train,23-25-27,C,Mr,0,1,SOTON/O2,0,0
842,0.0,2,male,16.0,0,0,10.5,S,train,23-25-27,C,Mr,0,1,SO/PP,0,1
843,1.0,1,female,30.0,0,0,31.0,C,train,23-25-27,C,Miss,0,1,Non-special,0,1
844,0.0,3,male,34.5,0,0,6.4375,C,train,23-25-27,C,Mr,0,1,Non-special,1,0
845,0.0,3,male,17.0,0,0,8.6625,S,train,23-25-27,C,Mr,0,1,Non-special,0,0
846,0.0,3,male,42.0,0,0,7.55,S,train,23-25-27,C,Mr,0,1,CA,1,0
847,0.0,3,male,29.881137667304014,8,2,69.55,S,train,23-25-27,C,Mr,10,0,CA,1,1
848,0.0,3,male,35.0,0,0,7.8958,C,train,23-25-27,C,Mr,0,1,Non-special,0,0
849,0.0,2,male,28.0,0,1,33.0,S,train,23-25-27,C,Rev,1,0,Non-special,0,1
850,1.0,1,female,29.881137667304014,1,0,89.1042,C,train,92,C,Mrs,1,0,Non-special,0,1
851,0.0,3,male,4.0,4,2,31.275,S,train,23-25-27,C,Master,6,0,Non-special,0,1
852,0.0,3,male,74.0,0,0,7.775,S,train,23-25-27,C,Mr,0,1,Non-special,0,0
853,0.0,3,female,9.0,1,1,15.2458,C,train,23-25-27,C,Miss,2,0,Non-special,1,1
854,1.0,1,female,16.0,0,1,39.4,S,train,28,D,Miss,1,0,PC,0,0
855,0.0,2,female,44.0,1,0,26.0,S,train,23-25-27,C,Mrs,1,0,Non-special,0,1
856,1.0,3,female,18.0,0,1,9.35,S,train,23-25-27,C,Mrs,1,0,Non-special,0,0
857,1.0,1,female,45.0,1,1,164.8667,S,train,23-25-27,C,Mrs,2,0,Non-special,0,1
858,1.0,1,male,51.0,0,0,26.55,S,train,17,E,Mr,0,1,Non-special,0,0
859,1.0,3,female,24.0,0,3,19.2583,C,train,23-25-27,C,Mrs,3,0,Non-special,1,1
860,0.0,3,male,29.881137667304014,0,0,7.2292,C,train,23-25-27,C,Mr,0,1,Non-special,1,0
861,0.0,3,male,41.0,2,0,14.1083,S,train,23-25-27,C,Mr,2,0,Non-special,0,0
862,0.0,2,male,21.0,1,0,11.5,S,train,23-25-27,C,Mr,1,0,Non-special,0,0
863,1.0,1,female,48.0,0,0,25.9292,S,train,17,D,Mrs,0,1,Non-special,0,0
864,0.0,3,female,29.881137667304014,8,2,69.55,S,train,23-25-27,C,Miss,10,0,CA,1,1
865,0.0,2,male,24.0,0,0,13.0,S,train,23-25-27,C,Mr,0,1,Non-special,0,0
866,1.0,2,female,42.0,0,0,13.0,S,train,23-25-27,C,Mrs,0,1,Non-special,0,0
867,1.0,2,female,27.0,1,0,13.8583,C,train,23-25-27,C,Miss,1,0,SC/PARIS,1,0
868,0.0,1,male,31.0,0,0,50.4958,S,train,24,A,Mr,0,1,PC,0,0
869,0.0,3,male,29.881137667304014,0,0,9.5,S,train,23-25-27,C,Mr,0,1,Non-special,0,0
870,1.0,3,male,4.0,1,1,11.1333,S,train,23-25-27,C,Master,2,0,Non-special,0,1
871,0.0,3,male,26.0,0,0,7.8958,S,train,23-25-27,C,Mr,0,1,Non-special,0,0
872,1.0,1,female,47.0,1,1,52.5542,S,train,35,D,Mrs,2,0,Non-special,0,1
873,0.0,1,male,33.0,0,0,5.0,S,train,51-53-55,B,Mr,0,1,Non-special,1,0
874,0.0,3,male,47.0,0,0,9.0,S,train,23-25-27,C,Mr,0,1,Non-special,0,0
875,1.0,2,female,28.0,1,0,24.0,C,train,23-25-27,C,Mrs,1,0,P/PP,1,1
876,1.0,3,female,15.0,0,0,7.225,C,train,23-25-27,C,Miss,0,1,Non-special,1,0
877,0.0,3,male,20.0,0,0,9.8458,S,train,23-25-27,C,Mr,0,1,Non-special,1,1
878,0.0,3,male,19.0,0,0,7.8958,S,train,23-25-27,C,Mr,0,1,Non-special,0,0
879,0.0,3,male,29.881137667304014,0,0,7.8958,S,train,23-25-27,C,Mr,0,1,Non-special,0,0
880,1.0,1,female,56.0,0,1,83.1583,C,train,50,C,Mrs,1,0,Non-special,0,1
881,1.0,2,female,25.0,0,1,26.0,S,train,23-25-27,C,Mrs,1,0,Non-special,0,1
882,0.0,3,male,33.0,0,0,7.8958,S,train,23-25-27,C,Mr,0,1,Non-special,0,0
883,0.0,3,female,22.0,0,0,10.5167,S,train,23-25-27,C,Miss,0,1,Non-special,1,0
884,0.0,2,male,28.0,0,0,10.5,S,train,23-25-27,C,Mr,0,1,CA/SOTON,0,0
885,0.0,3,male,25.0,0,0,7.05,S,train,23-25-27,C,Mr,0,1,SOTON/OQ,0,0
886,0.0,3,female,39.0,0,5,29.125,Q,train,23-25-27,C,Mrs,5,0,Non-special,0,1
887,0.0,2,male,27.0,0,0,13.0,S,train,23-25-27,C,Rev,0,1,Non-special,0,0
888,1.0,1,female,19.0,0,0,30.0,S,train,42,B,Miss,0,1,Non-special,0,0
889,0.0,3,female,29.881137667304014,1,2,23.45,S,train,23-25-27,C,Miss,3,0,W/C,1,1
890,1.0,1,male,26.0,0,0,30.0,C,train,148,C,Mr,0,1,Non-special,0,0
891,0.0,3,male,32.0,0,0,7.75,Q,train,23-25-27,C,Mr,0,1,Non-special,0,0
892,,3,male,34.5,0,0,7.8292,Q,test,23-25-27,C,Mr,0,1,Non-special,0,0
893,,3,female,47.0,1,0,7.0,S,test,23-25-27,C,Mrs,1,0,Non-special,0,0
894,,2,male,62.0,0,0,9.6875,Q,test,23-25-27,C,Mr,0,1,Non-special,0,0
895,,3,male,27.0,0,0,8.6625,S,test,23-25-27,C,Mr,0,1,Non-special,0,0
896,,3,female,22.0,1,1,12.2875,S,test,23-25-27,C,Mrs,2,0,Non-special,0,1
897,,3,male,14.0,0,0,9.225,S,test,23-25-27,C,Mr,0,1,Non-special,1,0
898,,3,female,30.0,0,0,7.6292,Q,test,23-25-27,C,Miss,0,1,Non-special,0,0
899,,2,male,26.0,1,1,29.0,S,test,23-25-27,C,Mr,2,0,Non-special,0,1
900,,3,female,18.0,0,0,7.2292,C,test,23-25-27,C,Mrs,0,1,Non-special,1,0
901,,3,male,21.0,2,0,24.15,S,test,23-25-27,C,Mr,2,0,A/4,0,1
902,,3,male,29.881137667304014,0,0,7.8958,S,test,23-25-27,C,Mr,0,1,Non-special,0,0
903,,1,male,46.0,0,0,26.0,S,test,23-25-27,C,Mr,0,1,Non-special,1,0
904,,1,female,23.0,1,0,82.2667,S,test,45,B,Mrs,1,0,Non-special,0,0
905,,2,male,63.0,1,0,26.0,S,test,23-25-27,C,Mr,1,0,Non-special,0,0
906,,1,female,47.0,1,0,61.175,S,test,31,E,Mrs,1,0,WEP,1,1
907,,2,female,24.0,1,0,27.7208,C,test,23-25-27,C,Mrs,1,0,SC/PARIS,1,1
908,,2,male,35.0,0,0,12.35,Q,test,23-25-27,C,Mr,0,1,Non-special,0,0
909,,3,male,21.0,0,0,7.225,C,test,23-25-27,C,Mr,0,1,Non-special,1,0
910,,3,female,27.0,1,0,7.925,S,test,23-25-27,C,Miss,1,0,STON/O2,0,0
911,,3,female,45.0,0,0,7.225,C,test,23-25-27,C,Mrs,0,1,Non-special,1,0
912,,1,male,55.0,1,0,59.4,C,test,23-25-27,C,Mr,1,0,PC,0,1
913,,3,male,9.0,0,1,3.1708,S,test,23-25-27,C,Master,1,0,C,0,0
914,,1,female,29.881137667304014,0,0,31.6833,S,test,23-25-27,C,Mrs,0,1,PC,0,0
915,,1,male,21.0,0,1,61.3792,C,test,23-25-27,C,Mr,1,0,PC,0,1
916,,1,female,48.0,1,3,262.375,C,test,57-59-63-66,B,Mrs,4,0,PC,0,1
917,,3,male,50.0,1,0,14.5,S,test,23-25-27,C,Mr,1,0,A/5,1,1
918,,1,female,22.0,0,1,61.9792,C,test,36,B,Miss,1,0,Non-special,0,1
919,,3,male,22.5,0,0,7.225,C,test,23-25-27,C,Mr,0,1,Non-special,1,0
920,,1,male,41.0,0,0,30.5,S,test,21,A,Mr,0,1,Non-special,0,0
921,,3,male,29.881137667304014,2,0,21.6792,C,test,23-25-27,C,Mr,2,0,Non-special,1,1
922,,2,male,50.0,1,0,26.0,S,test,23-25-27,C,Mr,1,0,SC/AH,1,1
923,,2,male,24.0,2,0,31.5,S,test,23-25-27,C,Mr,2,0,CA,0,0
924,,3,female,33.0,1,2,20.575,S,test,23-25-27,C,Mrs,3,0,CA,1,1
925,,3,female,29.881137667304014,1,2,23.45,S,test,23-25-27,C,Mrs,3,0,W/C,1,1
926,,1,male,30.0,1,0,57.75,C,test,78,C,Mr,1,0,Non-special,0,0
927,,3,male,18.5,0,0,7.2292,C,test,23-25-27,C,Mr,0,1,Non-special,1,0
928,,3,female,29.881137667304014,0,0,8.05,S,test,23-25-27,C,Miss,0,1,Non-special,0,0
929,,3,female,21.0,0,0,8.6625,S,test,23-25-27,C,Miss,0,1,Non-special,0,0
930,,3,male,25.0,0,0,9.5,S,test,23-25-27,C,Mr,0,1,Non-special,0,0
931,,3,male,29.881137667304014,0,0,56.4958,S,test,23-25-27,C,Mr,0,1,Non-special,1,1
932,,3,male,39.0,0,1,13.4167,C,test,23-25-27,C,Mr,1,0,Non-special,0,1
933,,1,male,29.881137667304014,0,0,26.55,S,test,34,D,Mr,0,1,Non-special,0,0
934,,3,male,41.0,0,0,7.85,S,test,23-25-27,C,Mr,0,1,SOTON/OQ,0,0
935,,2,female,30.0,0,0,13.0,S,test,23-25-27,C,Mrs,0,1,Non-special,0,0
936,,1,female,45.0,1,0,52.5542,S,test,19,D,Mrs,1,0,Non-special,0,1
937,,3,male,25.0,0,0,7.925,S,test,23-25-27,C,Mr,0,1,STON/O,0,0
938,,1,male,45.0,0,0,29.7,C,test,9,A,Mr,0,1,PC,0,0
939,,3,male,29.881137667304014,0,0,7.75,Q,test,23-25-27,C,Mr,0,1,Non-special,0,0
940,,1,female,60.0,0,0,76.2917,C,test,15,D,Mrs,0,1,Non-special,0,1
941,,3,female,36.0,0,2,15.9,S,test,23-25-27,C,Mrs,2,0,CA,0,1
942,,1,male,24.0,1,0,60.0,S,test,31,C,Mr,1,0,Non-special,0,0
943,,2,male,27.0,0,0,15.0333,C,test,23-25-27,C,Mr,0,1,SC/PARIS,1,0
944,,2,female,20.0,2,1,23.0,S,test,23-25-27,C,Miss,3,0,Non-special,0,1
945,,1,female,28.0,3,2,263.0,S,test,23-25-27,C,Miss,5,0,Non-special,0,1
946,,2,male,29.881137667304014,0,0,15.5792,C,test,23-25-27,C,Mr,0,1,SC/A3,1,0
947,,3,male,10.0,4,1,29.125,Q,test,23-25-27,C,Master,5,0,Non-special,0,1
948,,3,male,35.0,0,0,7.8958,S,test,23-25-27,C,Mr,0,1,Non-special,0,0
949,,3,male,25.0,0,0,7.65,S,test,63,F-G,Mr,0,1,Non-special,0,0
950,,3,male,29.881137667304014,1,0,16.1,S,test,23-25-27,C,Mr,1,0,Non-special,0,1
951,,1,female,36.0,0,0,262.375,C,test,61,B,Miss,0,1,PC,0,1
952,,3,male,17.0,0,0,7.8958,S,test,23-25-27,C,Mr,0,1,Non-special,0,0
953,,2,male,32.0,0,0,13.5,S,test,23-25-27,C,Mr,0,1,Non-special,0,0
954,,3,male,18.0,0,0,7.75,S,test,23-25-27,C,Mr,0,1,Non-special,0,0
955,,3,female,22.0,0,0,7.725,Q,test,23-25-27,C,Miss,0,1,Non-special,0,0
956,,1,male,13.0,2,2,262.375,C,test,57-59-63-66,B,Master,4,0,PC,0,1
957,,2,female,29.881137667304014,0,0,21.0,S,test,23-25-27,C,Mrs,0,1,FCC,0,0
958,,3,female,18.0,0,0,7.8792,Q,test,23-25-27,C,Miss,0,1,Non-special,0,0
959,,1,male,47.0,0,0,42.4,S,test,23-25-27,C,Mr,0,1,Non-special,0,1
960,,1,male,31.0,0,0,28.5375,C,test,53,C,Mr,0,1,Non-special,1,0
961,,1,female,60.0,1,4,263.0,S,test,23-25-27,C,Mrs,5,0,Non-special,0,1
962,,3,female,24.0,0,0,7.75,Q,test,23-25-27,C,Miss,0,1,Non-special,0,0
963,,3,male,21.0,0,0,7.8958,S,test,23-25-27,C,Mr,0,1,Non-special,0,0
964,,3,female,29.0,0,0,7.925,S,test,23-25-27,C,Miss,0,1,Non-special,0,0
965,,1,male,28.5,0,0,27.7208,C,test,43,D,Mr,0,1,PC,0,0
966,,1,female,35.0,0,0,211.5,C,test,130,C,Miss,0,1,Non-special,0,1
967,,1,male,32.5,0,0,211.5,C,test,132,C,Mr,0,1,Non-special,0,1
968,,3,male,29.881137667304014,0,0,8.05,S,test,23-25-27,C,Mr,0,1,Non-special,0,0
969,,1,female,55.0,2,0,25.7,S,test,101,C,Mrs,2,0,Non-special,0,0
970,,2,male,30.0,0,0,13.0,S,test,23-25-27,C,Mr,0,1,Non-special,0,0
971,,3,female,24.0,0,0,7.75,Q,test,23-25-27,C,Miss,0,1,Non-special,0,0
972,,3,male,6.0,1,1,15.2458,C,test,23-25-27,C,Master,2,0,Non-special,1,1
973,,1,male,67.0,1,0,221.7792,S,test,55-57,C,Mr,1,0,PC,0,1
974,,1,male,49.0,0,0,26.0,S,test,23-25-27,C,Mr,0,1,Non-special,0,0
975,,3,male,29.881137667304014,0,0,7.8958,S,test,23-25-27,C,Mr,0,1,Non-special,0,0
976,,2,male,29.881137667304014,0,0,10.7083,Q,test,23-25-27,C,Mr,0,1,Non-special,0,0
977,,3,male,29.881137667304014,1,0,14.4542,C,test,23-25-27,C,Mr,1,0,Non-special,1,0
978,,3,female,27.0,0,0,7.8792,Q,test,23-25-27,C,Miss,0,1,Non-special,0,0
979,,3,female,18.0,0,0,8.05,S,test,23-25-27,C,Miss,0,1,A/4,0,0
980,,3,female,29.881137667304014,0,0,7.75,Q,test,23-25-27,C,Ms,0,1,Non-special,0,0
981,,2,male,2.0,1,1,23.0,S,test,23-25-27,C,Master,2,0,Non-special,0,1
982,,3,female,22.0,1,0,13.9,S,test,23-25-27,C,Mrs,1,0,Non-special,0,0
983,,3,male,29.881137667304014,0,0,7.775,S,test,23-25-27,C,Mr,0,1,Non-special,0,0
984,,1,female,27.0,1,2,52.0,S,test,71,B,Mrs,3,0,FC,0,1
985,,3,male,29.881137667304014,0,0,8.05,S,test,23-25-27,C,Mr,0,1,Non-special,0,0
986,,1,male,25.0,0,0,26.0,C,test,23-25-27,C,Mr,0,1,Non-special,0,0
987,,3,male,25.0,0,0,7.7958,S,test,23-25-27,C,Mr,0,1,Non-special,0,0
988,,1,female,76.0,1,0,78.85,S,test,46,C,Mrs,1,0,Non-special,0,1
989,,3,male,29.0,0,0,7.925,S,test,23-25-27,C,Mr,0,1,STON/O,0,0
990,,3,female,20.0,0,0,7.8542,S,test,23-25-27,C,Miss,0,1,Non-special,0,0
991,,3,male,33.0,0,0,8.05,S,test,23-25-27,C,Mr,0,1,A/5,1,0
992,,1,female,43.0,1,0,55.4417,C,test,116,C,Mrs,1,0,Non-special,0,0
993,,2,male,27.0,1,0,26.0,S,test,23-25-27,C,Mr,1,0,Non-special,0,1
994,,3,male,29.881137667304014,0,0,7.75,Q,test,23-25-27,C,Mr,0,1,Non-special,0,0
995,,3,male,26.0,0,0,7.775,S,test,23-25-27,C,Mr,0,1,Non-special,0,0
996,,3,female,16.0,1,1,8.5167,C,test,23-25-27,C,Mrs,2,0,Non-special,1,1
997,,3,male,28.0,0,0,22.525,S,test,23-25-27,C,Mr,0,1,C,1,1
998,,3,male,21.0,0,0,7.8208,Q,test,23-25-27,C,Mr,0,1,Non-special,0,0
999,,3,male,29.881137667304014,0,0,7.75,Q,test,23-25-27,C,Mr,0,1,Non-special,0,0
1000,,3,male,29.881137667304014,0,0,8.7125,S,test,23-25-27,C,Mr,0,1,Non-special,1,0
1001,,2,male,18.5,0,0,13.0,S,test,,F,Mr,0,1,Non-special,0,0
1002,,2,male,41.0,0,0,15.0458,C,test,23-25-27,C,Mr,0,1,Non-special,0,0
1003,,3,female,29.881137667304014,0,0,7.7792,Q,test,23-25-27,C,Miss,0,1,Non-special,0,0
1004,,1,female,36.0,0,0,31.6792,C,test,29,A,Miss,0,1,PC,0,0
1005,,3,female,18.5,0,0,7.2833,Q,test,23-25-27,C,Miss,0,1,Non-special,0,0
1006,,1,female,63.0,1,0,221.7792,S,test,55-57,C,Mrs,1,0,PC,0,1
1007,,3,male,18.0,1,0,14.4542,C,test,23-25-27,C,Mr,1,0,Non-special,1,1
1008,,3,male,29.881137667304014,0,0,6.4375,C,test,23-25-27,C,Mr,0,1,Non-special,1,0
1009,,3,female,1.0,1,1,16.7,S,test,6,G,Miss,2,0,PP,1,1
1010,,1,male,36.0,0,0,75.2417,C,test,6,C,Mr,0,1,Non-special,0,0
1011,,2,female,29.0,1,0,26.0,S,test,23-25-27,C,Mrs,1,0,SC/AH,0,1
1012,,2,female,12.0,0,0,15.75,S,test,23-25-27,C,Miss,0,1,CA,0,1
1013,,3,male,29.881137667304014,1,0,7.75,Q,test,23-25-27,C,Mr,1,0,Non-special,0,0
1014,,1,female,35.0,1,0,57.75,C,test,28,C,Mrs,1,0,Non-special,0,1
1015,,3,male,28.0,0,0,7.25,S,test,23-25-27,C,Mr,0,1,Non-special,0,0
1016,,3,male,29.881137667304014,0,0,7.75,Q,test,23-25-27,C,Mr,0,1,Non-special,0,0
1017,,3,female,17.0,0,1,16.1,S,test,23-25-27,C,Miss,1,0,Non-special,0,1
1018,,3,male,22.0,0,0,7.7958,S,test,23-25-27,C,Mr,0,1,Non-special,0,0
1019,,3,female,29.881137667304014,2,0,23.25,Q,test,23-25-27,C,Miss,2,0,Non-special,0,1
1020,,2,male,42.0,0,0,13.0,S,test,23-25-27,C,Mr,0,1,Non-special,0,0
1021,,3,male,24.0,0,0,8.05,S,test,23-25-27,C,Mr,0,1,Non-special,0,0
1022,,3,male,32.0,0,0,8.05,S,test,23-25-27,C,Mr,0,1,STON/OQ,0,0
1023,,1,male,53.0,0,0,28.5,C,test,51,C,Col,0,1,Non-special,0,0
1024,,3,female,29.881137667304014,0,4,25.4667,S,test,23-25-27,C,Mrs,4,0,Non-special,1,1
1025,,3,male,29.881137667304014,1,0,6.4375,C,test,23-25-27,C,Mr,1,0,Non-special,1,0
1026,,3,male,43.0,0,0,7.8958,S,test,23-25-27,C,Mr,0,1,Non-special,0,0
1027,,3,male,24.0,0,0,7.8542,S,test,23-25-27,C,Mr,0,1,Non-special,0,0
1028,,3,male,26.5,0,0,7.225,C,test,23-25-27,C,Mr,0,1,Non-special,1,0
1029,,2,male,26.0,0,0,13.0,S,test,23-25-27,C,Mr,0,1,Non-special,0,0
1030,,3,female,23.0,0,0,8.05,S,test,23-25-27,C,Miss,0,1,SOTON/OQ,0,0
1031,,3,male,40.0,1,6,46.9,S,test,23-25-27,C,Mr,7,0,CA,1,1
1032,,3,female,10.0,5,2,46.9,S,test,23-25-27,C,Miss,7,0,CA,1,1
1033,,1,female,33.0,0,0,151.55,S,test,23-25-27,C,Miss,0,1,Non-special,0,1
1034,,1,male,61.0,1,3,262.375,C,test,57-59-63-66,B,Mr,4,0,PC,0,1
1035,,2,male,28.0,0,0,26.0,S,test,23-25-27,C,Mr,0,1,Non-special,0,1
1036,,1,male,42.0,0,0,26.55,S,test,23-25-27,C,Mr,0,1,Non-special,0,0
1037,,3,male,31.0,3,0,18.0,S,test,23-25-27,C,Mr,3,0,Non-special,0,1
1038,,1,male,29.881137667304014,0,0,51.8625,S,test,46,E,Mr,0,1,Non-special,0,1
1039,,3,male,22.0,0,0,8.05,S,test,23-25-27,C,Mr,0,1,SC/A4,0,0
1040,,1,male,29.881137667304014,0,0,26.55,S,test,23-25-27,C,Mr,0,1,Non-special,0,0
1041,,2,male,30.0,1,1,26.0,S,test,23-25-27,C,Rev,2,0,Non-special,0,1
1042,,1,female,23.0,0,1,83.1583,C,test,54,C,Mrs,1,0,Non-special,0,1
1043,,3,male,29.881137667304014,0,0,7.8958,C,test,23-25-27,C,Mr,0,1,Non-special,0,0
1044,,3,male,60.5,0,0,14.4542,S,test,23-25-27,C,Mr,0,1,Non-special,1,0
1045,,3,female,36.0,0,2,12.1833,S,test,23-25-27,C,Mrs,2,0,Non-special,0,0
1046,,3,male,13.0,4,2,31.3875,S,test,23-25-27,C,Master,6,0,Non-special,0,1
1047,,3,male,24.0,0,0,7.55,S,test,23-25-27,C,Mr,0,1,SO/PP,1,0
1048,,1,female,29.0,0,0,221.7792,S,test,97,C,Miss,0,1,PC,0,1
1049,,3,female,23.0,0,0,7.8542,S,test,23-25-27,C,Miss,0,1,Non-special,0,0
1050,,1,male,42.0,0,0,26.55,S,test,22,D,Mr,0,1,Non-special,0,0
1051,,3,female,26.0,0,2,13.775,S,test,23-25-27,C,Mrs,2,0,SOTON/OQ,0,0
1052,,3,female,29.881137667304014,0,0,7.7333,Q,test,23-25-27,C,Miss,0,1,Non-special,0,0
1053,,3,male,7.0,1,1,15.2458,C,test,23-25-27,C,Master,2,0,Non-special,1,1
1054,,2,female,26.0,0,0,13.5,S,test,23-25-27,C,Miss,0,1,Non-special,0,0
1055,,3,male,29.881137667304014,0,0,7.0,S,test,23-25-27,C,Mr,0,1,Non-special,0,0
1056,,2,male,41.0,0,0,13.0,S,test,23-25-27,C,Rev,0,1,Non-special,0,0
1057,,3,female,26.0,1,1,22.025,S,test,23-25-27,C,Mrs,2,0,Non-special,0,1
1058,,1,male,48.0,0,0,50.4958,C,test,10,B,Mr,0,1,PC,0,0
1059,,3,male,18.0,2,2,34.375,S,test,23-25-27,C,Mr,4,0,W/C,1,1
1060,,1,female,29.881137667304014,0,0,27.7208,C,test,23-25-27,C,Mrs,0,1,Non-special,0,0
1061,,3,female,22.0,0,0,8.9625,S,test,23-25-27,C,Miss,0,1,Non-special,1,0
1062,,3,male,29.881137667304014,0,0,7.55,S,test,23-25-27,C,Mr,0,1,SO/PP,1,0
1063,,3,male,27.0,0,0,7.225,C,test,23-25-27,C,Mr,0,1,Non-special,1,0
1064,,3,male,23.0,1,0,13.9,S,test,23-25-27,C,Mr,1,0,Non-special,0,1
1065,,3,male,29.881137667304014,0,0,7.2292,C,test,23-25-27,C,Mr,0,1,Non-special,1,0
1066,,3,male,40.0,1,5,31.3875,S,test,23-25-27,C,Mr,6,0,Non-special,0,1
1067,,2,female,15.0,0,2,39.0,S,test,23-25-27,C,Miss,2,0,Non-special,0,1
1068,,2,female,20.0,0,0,36.75,S,test,23-25-27,C,Miss,0,1,CA,0,1
1069,,1,male,54.0,1,0,55.4417,C,test,116,C,Mr,1,0,Non-special,0,1
1070,,2,female,36.0,0,3,39.0,S,test,4,F,Mrs,3,0,Non-special,0,1
1071,,1,female,64.0,0,2,83.1583,C,test,45,E,Mrs,2,0,PC,0,1
1072,,2,male,30.0,0,0,13.0,S,test,23-25-27,C,Mr,0,1,Non-special,0,0
1073,,1,male,37.0,1,1,83.1583,C,test,52,E,Mr,2,0,PC,0,1
1074,,1,female,18.0,1,0,53.1,S,test,30,D,Mrs,1,0,Non-special,0,1
1075,,3,male,29.881137667304014,0,0,7.75,Q,test,23-25-27,C,Mr,0,1,Non-special,1,0
1076,,1,female,27.0,1,1,247.5208,C,test,58-60,B,Mrs,2,0,PC,0,1
1077,,2,male,40.0,0,0,16.0,S,test,23-25-27,C,Mr,0,1,Non-special,0,0
1078,,2,female,21.0,0,1,21.0,S,test,23-25-27,C,Miss,1,0,SO/PP,0,0
1079,,3,male,17.0,2,0,8.05,S,test,23-25-27,C,Mr,2,0,A/4,0,0
1080,,3,female,29.881137667304014,8,2,69.55,S,test,23-25-27,C,Miss,10,0,CA,1,1
1081,,2,male,40.0,0,0,13.0,S,test,23-25-27,C,Mr,0,1,Non-special,0,0
1082,,2,male,34.0,1,0,26.0,S,test,23-25-27,C,Mr,1,0,Non-special,0,1
1083,,1,male,29.881137667304014,0,0,26.0,S,test,23-25-27,C,Mr,0,1,Non-special,0,0
1084,,3,male,11.5,1,1,14.5,S,test,23-25-27,C,Master,2,0,A/5,1,1
1085,,2,male,61.0,0,0,12.35,Q,test,23-25-27,C,Mr,0,1,Non-special,0,0
1086,,2,male,8.0,0,2,32.5,S,test,23-25-27,C,Master,2,0,Non-special,0,1
1087,,3,male,33.0,0,0,7.8542,S,test,23-25-27,C,Mr,0,1,Non-special,0,0
1088,,1,male,6.0,0,2,134.5,C,test,34,E,Master,2,0,Non-special,0,1
1089,,3,female,18.0,0,0,7.775,S,test,23-25-27,C,Miss,0,1,Non-special,0,0
1090,,2,male,23.0,0,0,10.5,S,test,23-25-27,C,Mr,0,1,CA,0,0
1091,,3,female,29.881137667304014,0,0,8.1125,S,test,23-25-27,C,Mrs,0,1,Non-special,0,0
1092,,3,female,29.881137667304014,0,0,15.5,Q,test,23-25-27,C,Miss,0,1,Non-special,0,1
1093,,3,male,0.33,0,2,14.4,S,test,23-25-27,C,Master,2,0,Non-special,0,1
1094,,1,male,47.0,1,0,227.525,C,test,62-64,C,Col,1,0,PC,0,1
1095,,2,female,8.0,1,1,26.0,S,test,23-25-27,C,Miss,2,0,Non-special,0,1
1096,,2,male,25.0,0,0,10.5,S,test,23-25-27,C,Mr,0,1,CA,0,0
1097,,1,male,29.881137667304014,0,0,25.7417,C,test,23-25-27,C,Mr,0,1,FC,0,0
1098,,3,female,35.0,0,0,7.75,Q,test,23-25-27,C,Miss,0,1,Non-special,1,0
1099,,2,male,24.0,0,0,10.5,S,test,23-25-27,C,Mr,0,1,Non-special,0,0
1100,,1,female,33.0,0,0,27.7208,C,test,11,A,Miss,0,1,PC,0,0
1101,,3,male,25.0,0,0,7.8958,S,test,23-25-27,C,Mr,0,1,Non-special,0,0
1102,,3,male,32.0,0,0,22.525,S,test,23-25-27,C,Mr,0,1,C,1,1
1103,,3,male,29.881137667304014,0,0,7.05,S,test,23-25-27,C,Mr,0,1,SOTON/OQ,0,0
1104,,2,male,17.0,0,0,73.5,S,test,23-25-27,C,Mr,0,1,SOC,0,1
1105,,2,female,60.0,1,0,26.0,S,test,23-25-27,C,Mrs,1,0,Non-special,0,1
1106,,3,female,38.0,4,2,7.775,S,test,23-25-27,C,Miss,6,0,Non-special,0,0
1107,,1,male,42.0,0,0,42.5,S,test,11,B,Mr,0,1,Non-special,0,0
1108,,3,female,29.881137667304014,0,0,7.8792,Q,test,23-25-27,C,Miss,0,1,Non-special,0,0
1109,,1,male,57.0,1,1,164.8667,S,test,23-25-27,C,Mr,2,0,Non-special,0,1
1110,,1,female,50.0,1,1,211.5,C,test,80,C,Mrs,2,0,Non-special,0,1
1111,,3,male,29.881137667304014,0,0,8.05,S,test,23-25-27,C,Mr,0,1,Non-special,0,0
1112,,2,female,30.0,1,0,13.8583,C,test,23-25-27,C,Miss,1,0,SC/PARIS,1,0
1113,,3,male,21.0,0,0,8.05,S,test,23-25-27,C,Mr,0,1,Non-special,0,0
1114,,2,female,22.0,0,0,10.5,S,test,33,F,Mrs,0,1,W/C,0,0
1115,,3,male,21.0,0,0,7.7958,S,test,23-25-27,C,Mr,0,1,Non-special,0,0
1116,,1,female,53.0,0,0,27.4458,C,test,23-25-27,C,Mrs,0,1,PC,0,0
1117,,3,female,29.881137667304014,0,2,15.2458,C,test,23-25-27,C,Mrs,2,0,Non-special,1,1
1118,,3,male,23.0,0,0,7.7958,S,test,23-25-27,C,Mr,0,1,Non-special,0,0
1119,,3,female,29.881137667304014,0,0,7.75,Q,test,23-25-27,C,Miss,0,1,Non-special,0,0
1120,,3,male,40.5,0,0,15.1,S,test,23-25-27,C,Mr,0,1,CA,1,1
1121,,2,male,36.0,0,0,13.0,S,test,23-25-27,C,Mr,0,1,Non-special,0,0
1122,,2,male,14.0,0,0,65.0,S,test,23-25-27,C,Mr,0,1,Non-special,0,1
1123,,1,female,21.0,0,0,26.55,S,test,23-25-27,C,Miss,0,1,Non-special,0,0
1124,,3,male,21.0,1,0,6.4958,S,test,23-25-27,C,Mr,1,0,Non-special,0,0
1125,,3,male,29.881137667304014,0,0,7.8792,Q,test,23-25-27,C,Mr,0,1,Non-special,0,0
1126,,1,male,39.0,1,0,71.2833,C,test,85,C,Mr,1,0,PC,0,1
1127,,3,male,20.0,0,0,7.8542,S,test,23-25-27,C,Mr,0,1,Non-special,0,0
1128,,1,male,64.0,1,0,75.25,C,test,37,D,Mr,1,0,Non-special,0,1
1129,,3,male,20.0,0,0,7.225,C,test,23-25-27,C,Mr,0,1,Non-special,1,0
1130,,2,female,18.0,1,1,13.0,S,test,23-25-27,C,Miss,2,0,Non-special,0,0
1131,,1,female,48.0,1,0,106.425,C,test,86,C,Mrs,1,0,PC,0,1
1132,,1,female,55.0,0,0,27.7208,C,test,23-25-27,C,Mrs,0,1,Non-special,0,0
1133,,2,female,45.0,0,2,30.0,S,test,23-25-27,C,Mrs,2,0,Non-special,0,1
1134,,1,male,45.0,1,1,134.5,C,test,34,E,Mr,2,0,Non-special,0,1
1135,,3,male,29.881137667304014,0,0,7.8875,S,test,23-25-27,C,Mr,0,1,Non-special,1,0
1136,,3,male,29.881137667304014,1,2,23.45,S,test,23-25-27,C,Master,3,0,W/C,1,1
1137,,1,male,41.0,1,0,51.8625,S,test,21,D,Mr,1,0,Non-special,0,1
1138,,2,female,22.0,0,0,21.0,S,test,23-25-27,C,Mrs,0,1,FCC,0,1
1139,,2,male,42.0,1,1,32.5,S,test,23-25-27,C,Mr,2,0,Non-special,0,1
1140,,2,female,29.0,1,0,26.0,S,test,23-25-27,C,Mrs,1,0,Non-special,0,1
1141,,3,female,29.881137667304014,1,0,14.4542,C,test,23-25-27,C,Mrs,1,0,Non-special,1,1
1142,,2,female,0.92,1,2,27.75,S,test,23-25-27,C,Miss,3,0,CA,0,1
1143,,3,male,20.0,0,0,7.925,S,test,23-25-27,C,Mr,0,1,SOTON/O2,0,0
1144,,1,male,27.0,1,0,136.7792,C,test,89,C,Mr,1,0,Non-special,0,0
1145,,3,male,24.0,0,0,9.325,S,test,23-25-27,C,Mr,0,1,Non-special,1,0
1146,,3,male,32.5,0,0,9.5,S,test,23-25-27,C,Mr,0,1,Non-special,0,0
1147,,3,male,29.881137667304014,0,0,7.55,S,test,23-25-27,C,Mr,0,1,CA,0,0
1148,,3,male,29.881137667304014,0,0,7.75,Q,test,23-25-27,C,Mr,0,1,AQ/4,1,0
1149,,3,male,28.0,0,0,8.05,S,test,23-25-27,C,Mr,0,1,Non-special,0,0
1150,,2,female,19.0,0,0,13.0,S,test,23-25-27,C,Miss,0,1,Non-special,0,0
1151,,3,male,21.0,0,0,7.775,S,test,23-25-27,C,Mr,0,1,Non-special,0,0
1152,,3,male,36.5,1,0,17.4,S,test,23-25-27,C,Mr,1,0,Non-special,0,1
1153,,3,male,21.0,0,0,7.8542,S,test,23-25-27,C,Mr,0,1,Non-special,0,0
1154,,2,female,29.0,0,2,23.0,S,test,23-25-27,C,Mrs,2,0,Non-special,0,1
1155,,3,female,1.0,1,1,12.1833,S,test,23-25-27,C,Miss,2,0,Non-special,0,1
1156,,2,male,30.0,0,0,12.7375,C,test,23-25-27,C,Mr,0,1,CA,0,0
1157,,3,male,29.881137667304014,0,0,7.8958,S,test,23-25-27,C,Mr,0,1,Non-special,0,0
1158,,1,male,29.881137667304014,0,0,0.0,S,test,23-25-27,C,Mr,0,1,Non-special,0,0
1159,,3,male,29.881137667304014,0,0,7.55,S,test,23-25-27,C,Mr,0,1,CA,0,0
1160,,3,female,29.881137667304014,0,0,8.05,S,test,23-25-27,C,Miss,0,1,A,0,0
1161,,3,male,17.0,0,0,8.6625,S,test,23-25-27,C,Mr,0,1,Non-special,0,0
1162,,1,male,46.0,0,0,75.2417,C,test,6,C,Mr,0,1,Non-special,0,1
1163,,3,male,29.881137667304014,0,0,7.75,Q,test,23-25-27,C,Mr,0,1,Non-special,0,0
1164,,1,female,26.0,1,0,136.7792,C,test,89,C,Mrs,1,0,Non-special,0,1
1165,,3,female,29.881137667304014,1,0,15.5,Q,test,23-25-27,C,Miss,1,0,Non-special,0,1
1166,,3,male,29.881137667304014,0,0,7.225,C,test,23-25-27,C,Mr,0,1,Non-special,1,0
1167,,2,female,20.0,1,0,26.0,S,test,23-25-27,C,Miss,1,0,Non-special,0,1
1168,,2,male,28.0,0,0,10.5,S,test,23-25-27,C,Mr,0,1,SC,0,0
1169,,2,male,40.0,1,0,26.0,S,test,23-25-27,C,Mr,1,0,Non-special,1,1
1170,,2,male,30.0,1,0,21.0,S,test,23-25-27,C,Mr,1,0,CA,0,0
1171,,2,male,22.0,0,0,10.5,S,test,23-25-27,C,Mr,0,1,W/C,0,0
1172,,3,female,23.0,0,0,8.6625,S,test,23-25-27,C,Miss,0,1,Non-special,0,0
1173,,3,male,0.75,1,1,13.775,S,test,23-25-27,C,Master,2,0,SOTON/OQ,0,1
1174,,3,female,29.881137667304014,0,0,7.75,Q,test,23-25-27,C,Miss,0,1,Non-special,0,0
1175,,3,female,9.0,1,1,15.2458,C,test,23-25-27,C,Miss,2,0,Non-special,1,1
1176,,3,female,2.0,1,1,20.2125,S,test,23-25-27,C,Miss,2,0,Non-special,0,1
1177,,3,male,36.0,0,0,7.25,S,test,23-25-27,C,Mr,0,1,A/5,0,0
1178,,3,male,29.881137667304014,0,0,7.25,S,test,23-25-27,C,Mr,0,1,SOTON/OQ,0,0
1179,,1,male,24.0,1,0,82.2667,S,test,45,B,Mr,1,0,Non-special,0,1
1180,,3,male,29.881137667304014,0,0,7.2292,C,test,46,F-E,Mr,0,1,Non-special,1,0
1181,,3,male,29.881137667304014,0,0,8.05,S,test,23-25-27,C,Mr,0,1,A/5,1,0
1182,,1,male,29.881137667304014,0,0,39.6,S,test,23-25-27,C,Mr,0,1,PC,0,0
1183,,3,female,30.0,0,0,6.95,Q,test,23-25-27,C,Miss,0,1,Non-special,0,0
1184,,3,male,29.881137667304014,0,0,7.2292,C,test,23-25-27,C,Mr,0,1,Non-special,1,0
1185,,1,male,53.0,1,1,81.8583,S,test,34,A,Dr,2,0,Non-special,0,1
1186,,3,male,36.0,0,0,9.5,S,test,23-25-27,C,Mr,0,1,Non-special,0,0
1187,,3,male,26.0,0,0,7.8958,S,test,23-25-27,C,Mr,0,1,Non-special,0,0
1188,,2,female,1.0,1,2,41.5792,C,test,23-25-27,C,Miss,3,0,SC/Paris,1,1
1189,,3,male,29.881137667304014,2,0,21.6792,C,test,23-25-27,C,Mr,2,0,Non-special,1,1
1190,,1,male,30.0,0,0,45.5,S,test,23-25-27,C,Mr,0,1,Non-special,0,0
1191,,3,male,29.0,0,0,7.8542,S,test,23-25-27,C,Mr,0,1,Non-special,0,0
1192,,3,male,32.0,0,0,7.775,S,test,23-25-27,C,Mr,0,1,Non-special,0,0
1193,,2,male,29.881137667304014,0,0,15.0458,C,test,,D,Mr,0,1,Non-special,0,0
1194,,2,male,43.0,0,1,21.0,S,test,23-25-27,C,Mr,1,0,SO/PP,0,1
1195,,3,male,24.0,0,0,8.6625,S,test,23-25-27,C,Mr,0,1,Non-special,0,0
1196,,3,female,29.881137667304014,0,0,7.75,Q,test,23-25-27,C,Miss,0,1,Non-special,0,0
1197,,1,female,64.0,1,1,26.55,S,test,26,B,Mrs,2,0,Non-special,0,0
1198,,1,male,30.0,1,2,151.55,S,test,22-26,C,Mr,3,0,Non-special,0,1
1199,,3,male,0.83,0,1,9.35,S,test,23-25-27,C,Master,1,0,Non-special,0,1
1200,,1,male,55.0,1,1,93.5,S,test,69,B,Mr,2,0,Non-special,0,1
1201,,3,female,45.0,1,0,14.1083,S,test,23-25-27,C,Mrs,1,0,Non-special,0,1
1202,,3,male,18.0,0,0,8.6625,S,test,23-25-27,C,Mr,0,1,Non-special,0,0
1203,,3,male,22.0,0,0,7.225,C,test,23-25-27,C,Mr,0,1,Non-special,1,0
1204,,3,male,29.881137667304014,0,0,7.575,S,test,23-25-27,C,Mr,0,1,LP,1,0
1205,,3,female,37.0,0,0,7.75,Q,test,23-25-27,C,Miss,0,1,Non-special,0,0
1206,,1,female,55.0,0,0,135.6333,C,test,32,C,Mrs,0,1,PC,0,1
1207,,3,female,17.0,0,0,7.7333,Q,test,23-25-27,C,Miss,0,1,AQ/3,0,0
1208,,1,male,57.0,1,0,146.5208,C,test,78,B,Mr,1,0,PC,0,1
1209,,2,male,19.0,0,0,10.5,S,test,23-25-27,C,Mr,0,1,Non-special,0,0
1210,,3,male,27.0,0,0,7.8542,S,test,23-25-27,C,Mr,0,1,Non-special,0,0
1211,,2,male,22.0,2,0,31.5,S,test,23-25-27,C,Mr,2,0,CA,0,1
1212,,3,male,26.0,0,0,7.775,S,test,23-25-27,C,Mr,0,1,Non-special,0,0
1213,,3,male,25.0,0,0,7.2292,C,test,57,F-E,Mr,0,1,Non-special,1,0
1214,,2,male,26.0,0,0,13.0,S,test,2,F,Mr,0,1,Non-special,0,0
1215,,1,male,33.0,0,0,26.55,S,test,23-25-27,C,Mr,0,1,Non-special,0,0
1216,,1,female,39.0,0,0,211.3375,S,test,23-25-27,C,Miss,0,1,Non-special,0,1
1217,,3,male,23.0,0,0,7.05,S,test,23-25-27,C,Mr,0,1,SOTON/OQ,0,0
1218,,2,female,12.0,2,1,39.0,S,test,4,F,Miss,3,0,Non-special,0,1
1219,,1,male,46.0,0,0,79.2,C,test,23-25-27,C,Mr,0,1,PC,0,1
1220,,2,male,29.0,1,0,26.0,S,test,23-25-27,C,Mr,1,0,Non-special,1,1
1221,,2,male,21.0,0,0,13.0,S,test,23-25-27,C,Mr,0,1,Non-special,0,0
1222,,2,female,48.0,0,2,36.75,S,test,23-25-27,C,Mrs,2,0,CA,0,1
1223,,1,male,39.0,0,0,29.7,C,test,18,A,Mr,0,1,PC,0,0
1224,,3,male,29.881137667304014,0,0,7.225,C,test,23-25-27,C,Mr,0,1,Non-special,1,0
1225,,3,female,19.0,1,1,15.7417,C,test,23-25-27,C,Mrs,2,0,Non-special,1,1
1226,,3,male,27.0,0,0,7.8958,S,test,23-25-27,C,Mr,0,1,Non-special,0,0
1227,,1,male,30.0,0,0,26.0,S,test,106,C,Mr,0,1,Non-special,0,0
1228,,2,male,32.0,0,0,13.0,S,test,23-25-27,C,Mr,0,1,Non-special,0,0
1229,,3,male,39.0,0,2,7.2292,C,test,23-25-27,C,Mr,2,0,Non-special,1,0
1230,,2,male,25.0,0,0,31.5,S,test,23-25-27,C,Mr,0,1,CA,0,1
1231,,3,male,29.881137667304014,0,0,7.2292,C,test,23-25-27,C,Master,0,1,Non-special,1,0
1232,,2,male,18.0,0,0,10.5,S,test,23-25-27,C,Mr,0,1,CA,0,0
1233,,3,male,32.0,0,0,7.5792,S,test,23-25-27,C,Mr,0,1,Non-special,0,0
1234,,3,male,29.881137667304014,1,9,69.55,S,test,23-25-27,C,Mr,10,0,CA,1,1
1235,,1,female,58.0,0,1,512.3292,C,test,51-53-55,B,Mrs,1,0,PC,0,1
1236,,3,male,29.881137667304014,1,1,14.5,S,test,23-25-27,C,Master,2,0,A/5,1,1
1237,,3,female,16.0,0,0,7.65,S,test,23-25-27,C,Miss,0,1,Non-special,0,0
1238,,2,male,26.0,0,0,13.0,S,test,23-25-27,C,Mr,0,1,Non-special,0,0
1239,,3,female,38.0,0,0,7.2292,C,test,23-25-27,C,Mrs,0,1,Non-special,1,0
1240,,2,male,24.0,0,0,13.5,S,test,23-25-27,C,Mr,0,1,Non-special,0,0
1241,,2,female,31.0,0,0,21.0,S,test,23-25-27,C,Miss,0,1,FCC,0,1
1242,,1,female,45.0,0,1,63.3583,C,test,10-12,D,Mrs,1,0,PC,0,1
1243,,2,male,25.0,0,0,10.5,S,test,23-25-27,C,Mr,0,1,FCC,0,0
1244,,2,male,18.0,0,0,73.5,S,test,23-25-27,C,Mr,0,1,SOC,0,1
1245,,2,male,49.0,1,2,65.0,S,test,23-25-27,C,Mr,3,0,Non-special,0,1
1246,,3,female,0.17,1,2,20.575,S,test,23-25-27,C,Miss,3,0,CA,1,1
1247,,1,male,50.0,0,0,26.0,S,test,60,E,Mr,0,1,Non-special,0,0
1248,,1,female,59.0,2,0,51.4792,S,test,101,C,Mrs,2,0,Non-special,0,1
1249,,3,male,29.881137667304014,0,0,7.8792,S,test,23-25-27,C,Mr,0,1,Non-special,1,0
1250,,3,male,29.881137667304014,0,0,7.75,Q,test,23-25-27,C,Mr,0,1,Non-special,0,0
1251,,3,female,30.0,1,0,15.55,S,test,23-25-27,C,Mrs,1,0,Non-special,0,1
1252,,3,male,14.5,8,2,69.55,S,test,23-25-27,C,Master,10,0,CA,1,1
1253,,2,female,24.0,1,1,37.0042,C,test,23-25-27,C,Mrs,2,0,SC/PARIS,1,1
1254,,2,female,31.0,0,0,21.0,S,test,23-25-27,C,Mrs,0,1,CA,0,1
1255,,3,male,27.0,0,0,8.6625,S,test,23-25-27,C,Mr,0,1,Non-special,0,0
1256,,1,female,25.0,1,0,55.4417,C,test,50,E,Mrs,1,0,Non-special,0,1
1257,,3,female,29.881137667304014,1,9,69.55,S,test,23-25-27,C,Mrs,10,0,CA,1,1
1258,,3,male,29.881137667304014,1,0,14.4583,C,test,23-25-27,C,Mr,1,0,Non-special,1,1
1259,,3,female,22.0,0,0,39.6875,S,test,23-25-27,C,Miss,0,1,Non-special,0,1
1260,,1,female,45.0,0,1,59.4,C,test,23-25-27,C,Mrs,1,0,Non-special,0,0
1261,,2,male,29.0,0,0,13.8583,C,test,23-25-27,C,Mr,0,1,SC/PARIS,1,0
1262,,2,male,21.0,1,0,11.5,S,test,23-25-27,C,Mr,1,0,Non-special,0,0
1263,,1,female,31.0,0,0,134.5,C,test,39-41,E,Miss,0,1,Non-special,0,1
1264,,1,male,49.0,0,0,0.0,S,test,52-54-56,B,Mr,0,1,Non-special,0,1
1265,,2,male,44.0,0,0,13.0,S,test,23-25-27,C,Mr,0,1,Non-special,0,0
1266,,1,female,54.0,1,1,81.8583,S,test,34,A,Mrs,2,0,Non-special,0,1
1267,,1,female,45.0,0,0,262.375,C,test,23-25-27,C,Miss,0,1,PC,0,1
1268,,3,female,22.0,2,0,8.6625,S,test,23-25-27,C,Miss,2,0,Non-special,0,0
1269,,2,male,21.0,0,0,11.5,S,test,23-25-27,C,Mr,0,1,Non-special,0,0
1270,,1,male,55.0,0,0,50.0,S,test,39,C,Mr,0,1,Non-special,1,0
1271,,3,male,5.0,4,2,31.3875,S,test,23-25-27,C,Master,6,0,Non-special,0,1
1272,,3,male,29.881137667304014,0,0,7.75,Q,test,23-25-27,C,Mr,0,1,Non-special,0,0
1273,,3,male,26.0,0,0,7.8792,Q,test,23-25-27,C,Mr,0,1,Non-special,0,0
1274,,3,female,29.881137667304014,0,0,14.5,S,test,23-25-27,C,Mrs,0,1,Non-special,0,1
1275,,3,female,19.0,1,0,16.1,S,test,23-25-27,C,Mrs,1,0,Non-special,0,1
1276,,2,male,29.881137667304014,0,0,12.875,S,test,23-25-27,C,Mr,0,1,SC/PARIS,1,0
1277,,2,female,24.0,1,2,65.0,S,test,23-25-27,C,Miss,3,0,Non-special,0,1
1278,,3,male,24.0,0,0,7.775,S,test,23-25-27,C,Mr,0,1,Non-special,0,0
1279,,2,male,57.0,0,0,13.0,S,test,23-25-27,C,Mr,0,1,Non-special,0,0
1280,,3,male,21.0,0,0,7.75,Q,test,23-25-27,C,Mr,0,1,Non-special,0,0
1281,,3,male,6.0,3,1,21.075,S,test,23-25-27,C,Master,4,0,Non-special,0,1
1282,,1,male,23.0,0,0,93.5,S,test,24,B,Mr,0,1,Non-special,0,1
1283,,1,female,51.0,0,1,39.4,S,test,28,D,Mrs,1,0,PC,0,1
1284,,3,male,13.0,0,2,20.25,S,test,23-25-27,C,Master,2,0,CA,1,1
1285,,2,male,47.0,0,0,10.5,S,test,23-25-27,C,Mr,0,1,CA,0,0
1286,,3,male,29.0,3,1,22.025,S,test,23-25-27,C,Mr,4,0,Non-special,0,1
1287,,1,female,18.0,1,0,60.0,S,test,31,C,Mrs,1,0,Non-special,0,1
1288,,3,male,24.0,0,0,7.25,Q,test,23-25-27,C,Mr,0,1,Non-special,0,0
1289,,1,female,48.0,1,1,79.2,C,test,41,B,Mrs,2,0,Non-special,0,1
1290,,3,male,22.0,0,0,7.775,S,test,23-25-27,C,Mr,0,1,Non-special,0,0
1291,,3,male,31.0,0,0,7.7333,Q,test,23-25-27,C,Mr,0,1,Non-special,0,0
1292,,1,female,30.0,0,0,164.8667,S,test,7,C,Miss,0,1,Non-special,0,1
1293,,2,male,38.0,1,0,21.0,S,test,23-25-27,C,Mr,1,0,Non-special,0,1
1294,,1,female,22.0,0,1,59.4,C,test,23-25-27,C,Miss,1,0,Non-special,0,1
1295,,1,male,17.0,0,0,47.1,S,test,23-25-27,C,Mr,0,1,Non-special,0,1
1296,,1,male,43.0,1,0,27.7208,C,test,40,D,Mr,1,0,Non-special,0,0
1297,,2,male,20.0,0,0,13.8625,C,test,38,D,Mr,0,1,SC/PARIS,1,0
1298,,2,male,23.0,1,0,10.5,S,test,23-25-27,C,Mr,1,0,Non-special,0,0
1299,,1,male,50.0,1,1,211.5,C,test,80,C,Mr,2,0,Non-special,0,1
1300,,3,female,29.881137667304014,0,0,7.7208,Q,test,23-25-27,C,Miss,0,1,Non-special,0,0
1301,,3,female,3.0,1,1,13.775,S,test,23-25-27,C,Miss,2,0,SOTON/OQ,0,1
1302,,3,female,29.881137667304014,0,0,7.75,Q,test,23-25-27,C,Miss,0,1,Non-special,0,0
1303,,1,female,37.0,1,0,90.0,Q,test,78,C,Mrs,1,0,Non-special,0,1
1304,,3,female,28.0,0,0,7.775,S,test,23-25-27,C,Miss,0,1,Non-special,0,0
1305,,3,male,29.881137667304014,0,0,8.05,S,test,23-25-27,C,Mr,0,1,A5,1,0
1306,,1,female,39.0,0,0,108.9,C,test,105,C,Dona,0,1,PC,0,1
1307,,3,male,38.5,0,0,7.25,S,test,23-25-27,C,Mr,0,1,SOTON/OQ,0,0
1308,,3,male,29.881137667304014,0,0,8.05,S,test,23-25-27,C,Mr,0,1,Non-special,0,0
1309,,3,male,29.881137667304014,1,1,22.3583,C,test,23-25-27,C,Master,2,0,Non-special,1,1
